"key.0","value"
"911-911",1
"911-911-911-911-911",1
"911-911-911-911-911-911",1
"Career",2
"Career-Career",3
"Career-Career-Career",2
"Career-Career-Career-Career-Career",1
"Career-Career-Career-Health-Health",1
"Career-Career-Career-MindfulEating-MindfulEating-MindfulEating-MindfulEating-MindfulEating-Foundations-Foundations-Foundations-Foundations-Foundations-Foundations-Foundations",1
"Career-Career-Foundations-Foundations-Foundations-Foundations-Foundations-Foundations-Foundations-Foundations-Foundations-Foundations-Foundations-Foundations",1
"Career-Career-Foundations-Foundations-Foundations-Foundations-Foundations-Foundations-Foundations-Foundations-Foundations-Foundations-Foundations-Foundations-Foundations-Foundations-Foundations-Foundations-Foundations-Foundations-Foundations-Career-Career-Career-Career-Career-Health-Health-EssentialsofWellbeing-EssentialsofWellbeing-EssentialsofWellbeing-EssentialsofWellbeing",1
"Career-Career-Health-Health-Health-Health-Health-Health-Health-Health-Health-Health-Health-Health-Health-Health-Health-Health-Health-Health-Health-911-911-Health-Health-Health-Health-Health-Health-Health-Health-Health-Health",1
"EssentialsofWellbeing",8
"EssentialsofWellbeing-EssentialsofWellbeing",19
"EssentialsofWellbeing-EssentialsofWellbeing-EssentialsofWellbeing",6
"EssentialsofWellbeing-EssentialsofWellbeing-EssentialsofWellbeing-Career-Career",1
"EssentialsofWellbeing-EssentialsofWellbeing-EssentialsofWellbeing-EssentialsofWellbeing",1
"EssentialsofWellbeing-EssentialsofWellbeing-EssentialsofWellbeing-EssentialsofWellbeing-Career-Career",1
"EssentialsofWellbeing-EssentialsofWellbeing-EssentialsofWellbeing-EssentialsofWellbeing-EssentialsofWellbeing",3
"EssentialsofWellbeing-EssentialsofWellbeing-EssentialsofWellbeing-EssentialsofWellbeing-EssentialsofWellbeing-EssentialsofWellbeing",1
"EssentialsofWellbeing-EssentialsofWellbeing-EssentialsofWellbeing-EssentialsofWellbeing-EssentialsofWellbeing-EssentialsofWellbeing-EssentialsofWellbeing-EssentialsofWellbeing-EssentialsofWellbeing-EssentialsofWellbeing-EssentialsofWellbeing-EssentialsofWellbeing-EssentialsofWellbeing-EssentialsofWellbeing-EssentialsofWellbeing-EssentialsofWellbeing",1
"EssentialsofWellbeing-EssentialsofWellbeing-EssentialsofWellbeing-EssentialsofWellbeing-EssentialsofWellbeing-EssentialsofWellbeing-EssentialsofWellbeing-Health-Health-Health-Health-Health-Health-Health",1
"EssentialsofWellbeing-EssentialsofWellbeing-EssentialsofWellbeing-EssentialsofWellbeing-EssentialsofWellbeing-EssentialsofWellbeing-Relationships-Relationships-EssentialsofWellbeing",1
"EssentialsofWellbeing-EssentialsofWellbeing-EssentialsofWellbeing-EssentialsofWellbeing-EssentialsofWellbeing-Foundations-Foundations-Foundations-Foundations-Foundations-Foundations-Foundations-Foundations",1
"EssentialsofWellbeing-EssentialsofWellbeing-EssentialsofWellbeing-EssentialsofWellbeing-Health-Health",1
"EssentialsofWellbeing-EssentialsofWellbeing-EssentialsofWellbeing-Foundations-Foundations",1
"EssentialsofWellbeing-EssentialsofWellbeing-EssentialsofWellbeing-Health-Health",1
"EssentialsofWellbeing-EssentialsofWellbeing-EssentialsofWellbeing-Health-Health-EssentialsofWellbeing-EssentialsofWellbeing",1
"EssentialsofWellbeing-EssentialsofWellbeing-EssentialsofWellbeing-Health-Health-Foundations-Foundations-Foundations-Foundations-Foundations",1
"EssentialsofWellbeing-EssentialsofWellbeing-EssentialsofWellbeing-Health-Health-Health-Health-Health-Health",1
"EssentialsofWellbeing-EssentialsofWellbeing-EssentialsofWellbeing-Health-Health-Health-Health-Health-Health-Health-Health",1
"EssentialsofWellbeing-EssentialsofWellbeing-EssentialsofWellbeing-Health-Health-Health-MindfulEating-MindfulEating-Health-Health-Health-Health-Health-Health-Health-Health-Health-Health-Health-EssentialsofWellbeing-EssentialsofWellbeing-EssentialsofWellbeing-EssentialsofWellbeing-Health-Health-Health",1
"EssentialsofWellbeing-EssentialsofWellbeing-Foundations-Foundations-EssentialsofWellbeing-EssentialsofWellbeing-EssentialsofWellbeing-Health-Health-Health-Health-Health",1
"EssentialsofWellbeing-EssentialsofWellbeing-Foundations-Foundations-Foundations-Foundations-Foundations-Foundations-Foundations",2
"EssentialsofWellbeing-EssentialsofWellbeing-Foundations-Foundations-Foundations-Foundations-Foundations-Foundations-Foundations-Foundations",1
"EssentialsofWellbeing-EssentialsofWellbeing-Foundations-Foundations-Foundations-Foundations-Foundations-Foundations-Foundations-Foundations-Foundations-Foundations-Foundations",1
"EssentialsofWellbeing-EssentialsofWellbeing-Health-Health-Health-EssentialsofWellbeing-EssentialsofWellbeing-EssentialsofWellbeing-EssentialsofWellbeing-Career-Career-Career-Health-Health-Health-Health-Health-Health-Health-Health-Health-Health",1
"EssentialsofWellbeing-Health-Health-Health",1
"EssentialsofWellbeing-MindfulEating-EssentialsofWellbeing",1
"Foundations",40
"Foundations-Career-Career-Foundations-Foundations",1
"Foundations-Career-Career-Foundations-Foundations-Foundations-Foundations",1
"Foundations-EssentialsofWellbeing-EssentialsofWellbeing",1
"Foundations-EssentialsofWellbeing-EssentialsofWellbeing-Relationships-Relationships-Health-Health",1
"Foundations-Foundations",102
"Foundations-Foundations-EssentialsofWellbeing",1
"Foundations-Foundations-EssentialsofWellbeing-EssentialsofWellbeing",1
"Foundations-Foundations-EssentialsofWellbeing-EssentialsofWellbeing-EssentialsofWellbeing",1
"Foundations-Foundations-EssentialsofWellbeing-EssentialsofWellbeing-EssentialsofWellbeing-EssentialsofWellbeing-EssentialsofWellbeing",1
"Foundations-Foundations-EssentialsofWellbeing-EssentialsofWellbeing-EssentialsofWellbeing-Foundations-Foundations",1
"Foundations-Foundations-EssentialsofWellbeing-EssentialsofWellbeing-EssentialsofWellbeing-Foundations-Foundations-Foundations-Foundations-Foundations-Foundations-Foundations-Foundations-Foundations-Foundations-Foundations-Foundations-Foundations-Foundations-Foundations-Foundations-Foundations-Foundations-Foundations-Foundations-Foundations-Foundations-Foundations-Foundations-Foundations-Foundations-Foundations-Foundations-Foundations-Foundations-Foundations-Foundations-Foundations-Foundations-Foundations",1
"Foundations-Foundations-EssentialsofWellbeing-EssentialsofWellbeing-EssentialsofWellbeing-Health-Health-Health-Health-Health-Health-Health-Health-Health-EssentialsofWellbeing-EssentialsofWellbeing-Health-Health-Health-Health-Health-Health-Health-Health-Health-EssentialsofWellbeing-EssentialsofWellbeing-EssentialsofWellbeing-EssentialsofWellbeing-EssentialsofWellbeing-EssentialsofWellbeing-EssentialsofWellbeing-EssentialsofWellbeing-EssentialsofWellbeing-EssentialsofWellbeing-EssentialsofWellbeing-EssentialsofWellbeing-EssentialsofWellbeing-EssentialsofWellbeing-EssentialsofWellbeing-EssentialsofWellbeing-EssentialsofWellbeing-EssentialsofWellbeing-EssentialsofWellbeing",1
"Foundations-Foundations-EssentialsofWellbeing-MindfulEating-MindfulEating-MindfulEating",1
"Foundations-Foundations-Foundations",69
"Foundations-Foundations-Foundations-Career-Career-Career-Career-Career",1
"Foundations-Foundations-Foundations-EssentialsofWellbeing-EssentialsofWellbeing-EssentialsofWellbeing",1
"Foundations-Foundations-Foundations-EssentialsofWellbeing-EssentialsofWellbeing-Health-Health-Health-Health-Foundations-Foundations-Foundations-Foundations-Foundations-Foundations-Foundations-Foundations",1
"Foundations-Foundations-Foundations-EssentialsofWellbeing-Foundations-Foundations",1
"Foundations-Foundations-Foundations-Foundations",51
"Foundations-Foundations-Foundations-Foundations-Career-Career-Career",1
"Foundations-Foundations-Foundations-Foundations-Career-Career-Career-Foundations-Foundations-EssentialsofWellbeing-EssentialsofWellbeing-EssentialsofWellbeing-Foundations-Foundations",1
"Foundations-Foundations-Foundations-Foundations-EssentialsofWellbeing-EssentialsofWellbeing",1
"Foundations-Foundations-Foundations-Foundations-EssentialsofWellbeing-EssentialsofWellbeing-EssentialsofWellbeing",1
"Foundations-Foundations-Foundations-Foundations-Foundations",66
"Foundations-Foundations-Foundations-Foundations-Foundations-EssentialsofWellbeing-EssentialsofWellbeing-EssentialsofWellbeing",1
"Foundations-Foundations-Foundations-Foundations-Foundations-Foundations",34
"Foundations-Foundations-Foundations-Foundations-Foundations-Foundations-Career-Career-Foundations-Foundations-Foundations",1
"Foundations-Foundations-Foundations-Foundations-Foundations-Foundations-EssentialsofWellbeing-EssentialsofWellbeing-EssentialsofWellbeing-EssentialsofWellbeing",1
"Foundations-Foundations-Foundations-Foundations-Foundations-Foundations-EssentialsofWellbeing-EssentialsofWellbeing-EssentialsofWellbeing-Health-Health-Health-EssentialsofWellbeing-EssentialsofWellbeing-Health-Health-Health-Health-Health-Health-Health",1
"Foundations-Foundations-Foundations-Foundations-Foundations-Foundations-Foundations",42
"Foundations-Foundations-Foundations-Foundations-Foundations-Foundations-Foundations-Career-Career-Career",1
"Foundations-Foundations-Foundations-Foundations-Foundations-Foundations-Foundations-EssentialsofWellbeing",1
"Foundations-Foundations-Foundations-Foundations-Foundations-Foundations-Foundations-EssentialsofWellbeing-EssentialsofWellbeing",1
"Foundations-Foundations-Foundations-Foundations-Foundations-Foundations-Foundations-Foundations",36
"Foundations-Foundations-Foundations-Foundations-Foundations-Foundations-Foundations-Foundations-EssentialsofWellbeing-EssentialsofWellbeing-EssentialsofWellbeing-Foundations-Foundations-Foundations-Foundations-Foundations-Foundations",1
"Foundations-Foundations-Foundations-Foundations-Foundations-Foundations-Foundations-Foundations-Foundations",19
"Foundations-Foundations-Foundations-Foundations-Foundations-Foundations-Foundations-Foundations-Foundations-EssentialsofWellbeing-EssentialsofWellbeing-EssentialsofWellbeing-EssentialsofWellbeing-EssentialsofWellbeing-EssentialsofWellbeing-EssentialsofWellbeing-EssentialsofWellbeing-EssentialsofWellbeing-Health-Health-Health-Health-Health-Health-Health",1
"Foundations-Foundations-Foundations-Foundations-Foundations-Foundations-Foundations-Foundations-Foundations-EssentialsofWellbeing-EssentialsofWellbeing-EssentialsofWellbeing-Foundations-Foundations-Foundations-Foundations-Foundations-Foundations-Foundations-Foundations-Foundations-Foundations",1
"Foundations-Foundations-Foundations-Foundations-Foundations-Foundations-Foundations-Foundations-Foundations-Foundations",20
"Foundations-Foundations-Foundations-Foundations-Foundations-Foundations-Foundations-Foundations-Foundations-Foundations-Foundations",11
"Foundations-Foundations-Foundations-Foundations-Foundations-Foundations-Foundations-Foundations-Foundations-Foundations-Foundations-Career-Career-Career-Career-Foundations-Foundations-Foundations-Foundations",1
"Foundations-Foundations-Foundations-Foundations-Foundations-Foundations-Foundations-Foundations-Foundations-Foundations-Foundations-Foundations",13
"Foundations-Foundations-Foundations-Foundations-Foundations-Foundations-Foundations-Foundations-Foundations-Foundations-Foundations-Foundations-EssentialsofWellbeing-EssentialsofWellbeing-EssentialsofWellbeing-Health-Health-Health",1
"Foundations-Foundations-Foundations-Foundations-Foundations-Foundations-Foundations-Foundations-Foundations-Foundations-Foundations-Foundations-Foundations",13
"Foundations-Foundations-Foundations-Foundations-Foundations-Foundations-Foundations-Foundations-Foundations-Foundations-Foundations-Foundations-Foundations-Foundations",6
"Foundations-Foundations-Foundations-Foundations-Foundations-Foundations-Foundations-Foundations-Foundations-Foundations-Foundations-Foundations-Foundations-Foundations-911-911-911-Foundations-Foundations-Foundations-Foundations-Foundations",1
"Foundations-Foundations-Foundations-Foundations-Foundations-Foundations-Foundations-Foundations-Foundations-Foundations-Foundations-Foundations-Foundations-Foundations-EssentialsofWellbeing-EssentialsofWellbeing-EssentialsofWellbeing-Foundations-Foundations",1
"Foundations-Foundations-Foundations-Foundations-Foundations-Foundations-Foundations-Foundations-Foundations-Foundations-Foundations-Foundations-Foundations-Foundations-Foundations",8
"Foundations-Foundations-Foundations-Foundations-Foundations-Foundations-Foundations-Foundations-Foundations-Foundations-Foundations-Foundations-Foundations-Foundations-Foundations-Foundations",6
"Foundations-Foundations-Foundations-Foundations-Foundations-Foundations-Foundations-Foundations-Foundations-Foundations-Foundations-Foundations-Foundations-Foundations-Foundations-Foundations-Foundations",2
"Foundations-Foundations-Foundations-Foundations-Foundations-Foundations-Foundations-Foundations-Foundations-Foundations-Foundations-Foundations-Foundations-Foundations-Foundations-Foundations-Foundations-Foundations",7
"Foundations-Foundations-Foundations-Foundations-Foundations-Foundations-Foundations-Foundations-Foundations-Foundations-Foundations-Foundations-Foundations-Foundations-Foundations-Foundations-Foundations-Foundations-EssentialsofWellbeing-EssentialsofWellbeing",1
"Foundations-Foundations-Foundations-Foundations-Foundations-Foundations-Foundations-Foundations-Foundations-Foundations-Foundations-Foundations-Foundations-Foundations-Foundations-Foundations-Foundations-Foundations-Foundations",4
"Foundations-Foundations-Foundations-Foundations-Foundations-Foundations-Foundations-Foundations-Foundations-Foundations-Foundations-Foundations-Foundations-Foundations-Foundations-Foundations-Foundations-Foundations-Foundations-Foundations",4
"Foundations-Foundations-Foundations-Foundations-Foundations-Foundations-Foundations-Foundations-Foundations-Foundations-Foundations-Foundations-Foundations-Foundations-Foundations-Foundations-Foundations-Foundations-Foundations-Foundations-Foundations",3
"Foundations-Foundations-Foundations-Foundations-Foundations-Foundations-Foundations-Foundations-Foundations-Foundations-Foundations-Foundations-Foundations-Foundations-Foundations-Foundations-Foundations-Foundations-Foundations-Foundations-Foundations-Foundations",4
"Foundations-Foundations-Foundations-Foundations-Foundations-Foundations-Foundations-Foundations-Foundations-Foundations-Foundations-Foundations-Foundations-Foundations-Foundations-Foundations-Foundations-Foundations-Foundations-Foundations-Foundations-Foundations-Foundations-Foundations",2
"Foundations-Foundations-Foundations-Foundations-Foundations-Foundations-Foundations-Foundations-Foundations-Foundations-Foundations-Foundations-Foundations-Foundations-Foundations-Foundations-Foundations-Foundations-Foundations-Foundations-Foundations-Foundations-Foundations-Foundations-Foundations",1
"Foundations-Foundations-Foundations-Foundations-Foundations-Foundations-Foundations-Foundations-Foundations-Foundations-Foundations-Foundations-Foundations-Foundations-Foundations-Foundations-Foundations-Foundations-Foundations-Foundations-Foundations-Foundations-Foundations-Foundations-Foundations-Foundations",4
"Foundations-Foundations-Foundations-Foundations-Foundations-Foundations-Foundations-Foundations-Foundations-Foundations-Foundations-Foundations-Foundations-Foundations-Foundations-Foundations-Foundations-Foundations-Foundations-Foundations-Foundations-Foundations-Foundations-Foundations-Foundations-Foundations-Foundations",4
"Foundations-Foundations-Foundations-Foundations-Foundations-Foundations-Foundations-Foundations-Foundations-Foundations-Foundations-Foundations-Foundations-Foundations-Foundations-Foundations-Foundations-Foundations-Foundations-Foundations-Foundations-Foundations-Foundations-Foundations-Foundations-Foundations-Foundations-Foundations",1
"Foundations-Foundations-Foundations-Foundations-Foundations-Foundations-Foundations-Foundations-Foundations-Foundations-Foundations-Foundations-Foundations-Foundations-Foundations-Foundations-Foundations-Foundations-Foundations-Foundations-Foundations-Foundations-Foundations-Foundations-Foundations-Foundations-Foundations-Foundations-Foundations",3
"Foundations-Foundations-Foundations-Foundations-Foundations-Foundations-Foundations-Foundations-Foundations-Foundations-Foundations-Foundations-Foundations-Foundations-Foundations-Foundations-Foundations-Foundations-Foundations-Foundations-Foundations-Foundations-Foundations-Foundations-Foundations-Foundations-Foundations-Foundations-Foundations-Foundations",2
"Foundations-Foundations-Foundations-Foundations-Foundations-Foundations-Foundations-Foundations-Foundations-Foundations-Foundations-Foundations-Foundations-Foundations-Foundations-Foundations-Foundations-Foundations-Foundations-Foundations-Foundations-Foundations-Foundations-Foundations-Foundations-Foundations-Foundations-Foundations-Foundations-Foundations-Foundations",1
"Foundations-Foundations-Foundations-Foundations-Foundations-Foundations-Foundations-Foundations-Foundations-Foundations-Foundations-Foundations-Foundations-Foundations-Foundations-Foundations-Foundations-Foundations-Foundations-Foundations-Foundations-Foundations-Foundations-Foundations-Foundations-Foundations-Foundations-Foundations-Foundations-Foundations-Foundations-Foundations-EssentialsofWellbeing-EssentialsofWellbeing-EssentialsofWellbeing-Foundations-Foundations-Health-Health-Health-Health-Health-Health-Health-Health-Health-Health-Health-Health-Health-Health-Health-Health-Health-Health-Health-Health-Health-Health-Health-Health-Health-Health-Health-Foundations-Foundations-Health-Health-Health-Health-Health-Health",1
"Foundations-Foundations-Foundations-Foundations-Foundations-Foundations-Foundations-Foundations-Foundations-Foundations-Foundations-Foundations-Foundations-Foundations-Foundations-Foundations-Foundations-Foundations-Foundations-Foundations-Foundations-Foundations-Foundations-Foundations-Foundations-Foundations-Foundations-Foundations-Foundations-Foundations-Foundations-Foundations-EssentialsofWellbeing-EssentialsofWellbeing-EssentialsofWellbeing-Health-Health-Health-Health-Health-Health-Foundations-Foundations-Foundations-Foundations-Foundations-Foundations-Foundations-Foundations-Foundations-Foundations-Foundations-Foundations-Foundations-Foundations-Foundations-Foundations-Foundations-Foundations-Foundations-Foundations",1
"Foundations-Foundations-Foundations-Foundations-Foundations-Foundations-Foundations-Foundations-Foundations-Foundations-Foundations-Foundations-Foundations-Foundations-Foundations-Foundations-Foundations-Foundations-Foundations-Foundations-Foundations-Foundations-Foundations-Foundations-Foundations-Foundations-Foundations-Foundations-Foundations-Foundations-Foundations-Foundations-Foundations",1
"Foundations-Foundations-Foundations-Foundations-Foundations-Foundations-Foundations-Foundations-Foundations-Foundations-Foundations-Foundations-Foundations-Foundations-Foundations-Foundations-Foundations-Foundations-Foundations-Foundations-Foundations-Foundations-Foundations-Foundations-Foundations-Foundations-Foundations-Foundations-Foundations-Foundations-Foundations-Foundations-Foundations-Foundations",1
"Foundations-Foundations-Foundations-Foundations-Foundations-Foundations-Foundations-Foundations-Foundations-Foundations-Foundations-Foundations-Foundations-Foundations-Foundations-Foundations-Foundations-Foundations-Foundations-Foundations-Foundations-Foundations-Foundations-Foundations-Foundations-Foundations-Foundations-Foundations-Foundations-Foundations-Foundations-Foundations-Foundations-Foundations-Foundations-EssentialsofWellbeing-EssentialsofWellbeing-EssentialsofWellbeing",1
"Foundations-Foundations-Foundations-Foundations-Foundations-Foundations-Foundations-Foundations-Foundations-Foundations-Foundations-Foundations-Foundations-Foundations-Foundations-Foundations-Foundations-Foundations-Foundations-Foundations-Foundations-Foundations-Foundations-Foundations-Foundations-Foundations-Foundations-Foundations-Foundations-Foundations-Foundations-Foundations-Foundations-Foundations-Foundations-Foundations-Foundations-Foundations-Foundations-Foundations-Foundations-Foundations",1
"Foundations-Foundations-Foundations-Foundations-Foundations-Foundations-Foundations-Foundations-Foundations-Foundations-Foundations-Foundations-Foundations-Foundations-Foundations-Foundations-Foundations-Foundations-Foundations-Foundations-Foundations-Foundations-Foundations-Foundations-Foundations-Foundations-Foundations-Foundations-Foundations-Foundations-Foundations-Foundations-Foundations-Foundations-Foundations-Foundations-Foundations-Foundations-Foundations-Foundations-Foundations-Foundations-EssentialsofWellbeing-EssentialsofWellbeing-Health-Health-Relationships-Relationships-Relationships-EssentialsofWellbeing-EssentialsofWellbeing-EssentialsofWellbeing-EssentialsofWellbeing-EssentialsofWellbeing-Career-Career-Foundations",1
"Foundations-Foundations-Foundations-Foundations-Foundations-Foundations-Foundations-Foundations-Foundations-Foundations-Foundations-Foundations-Foundations-Foundations-Foundations-Foundations-Foundations-Foundations-Foundations-Foundations-Foundations-Foundations-Foundations-Foundations-Foundations-Foundations-Foundations-Foundations-Foundations-Foundations-Foundations-Foundations-Foundations-Foundations-Foundations-Foundations-Foundations-Foundations-Foundations-Foundations-Foundations-Foundations-Foundations-Foundations-Foundations-Foundations-Foundations-Foundations-Foundations-Foundations-Foundations-Foundations-Foundations-Foundations-Foundations-Foundations-Foundations-Foundations-Foundations-Foundations-Foundations-Foundations-Foundations-Foundations-Foundations-Foundations-Foundations-Foundations-Foundations",1
"Foundations-Foundations-Foundations-Foundations-Foundations-Foundations-Foundations-Foundations-Foundations-Foundations-Foundations-Foundations-Foundations-Foundations-Foundations-Foundations-Foundations-Foundations-Foundations-Foundations-Foundations-Foundations-Foundations-Foundations-Foundations-Foundations-Foundations-Foundations-Foundations-Foundations-Foundations-Foundations-Foundations-Foundations-Foundations-Foundations-Foundations-Foundations-Foundations-Foundations-Foundations-Foundations-Foundations-Foundations-Foundations-Foundations-Foundations-Foundations-Foundations-Foundations-Foundations-Foundations-Foundations-Foundations-Foundations-Foundations-Foundations-Foundations-Foundations-Foundations-Foundations-Foundations-Foundations-Foundations-Foundations-Foundations-Foundations-Foundations-Foundations-Foundations-Foundations-Foundations-Foundations-Foundations",1
"Foundations-Foundations-Foundations-Foundations-Foundations-Foundations-Foundations-Foundations-Foundations-Foundations-Foundations-Foundations-Foundations-Foundations-Foundations-Foundations-Foundations-Foundations-Foundations-Foundations-Foundations-Foundations-Foundations-Foundations-Foundations-Foundations-Foundations-Foundations-Foundations-Foundations-Foundations-Foundations-Foundations-Foundations-Foundations-Foundations-Foundations-Foundations-Foundations-Foundations-Foundations-Foundations-Foundations-Foundations-Foundations-Foundations-Foundations-Foundations-Foundations-Foundations-Foundations-Foundations-Foundations-Foundations-Foundations-Foundations-Foundations-Foundations-Foundations-Foundations-Foundations-Foundations-Foundations-Foundations-Foundations-Foundations-Foundations-Foundations-Foundations-Foundations-Foundations-Foundations-Foundations-Foundations-Foundations-Foundations-Foundations-Foundations-Foundations-Foundations-Foundations-Foundations-Foundations-Foundations-Foundations-Foundations-Foundations-Foundations-Foundations-Foundations-Foundations-Foundations-Foundations-Foundations",1
"Foundations-Foundations-Foundations-Foundations-Foundations-Foundations-Foundations-Foundations-Foundations-Foundations-Foundations-Foundations-Foundations-Foundations-Foundations-Foundations-Foundations-Foundations-Foundations-Foundations-Foundations-Foundations-Foundations-Foundations-Foundations-Foundations-Foundations-Foundations-Foundations-Foundations-Foundations-Foundations-Foundations-Foundations-Foundations-Foundations-Foundations-Foundations-Foundations-Foundations-Foundations-Foundations-Foundations-MindfulEating-MindfulEating-EssentialsofWellbeing-EssentialsofWellbeing-Foundations-Foundations-Foundations-Foundations-Foundations-Foundations-Foundations-Foundations-Foundations-Foundations-Foundations",1
"Foundations-Foundations-Foundations-Foundations-Foundations-Foundations-Foundations-Foundations-Foundations-Foundations-Foundations-Foundations-Foundations-Foundations-Foundations-Foundations-Foundations-Foundations-Foundations-Foundations-Foundations-Foundations-Foundations-Foundations-Foundations-Foundations-Foundations-Foundations-Health-Health-Health-Foundations-Foundations-Foundations-Foundations",1
"Foundations-Foundations-Foundations-Foundations-Foundations-Foundations-Foundations-Foundations-Foundations-Foundations-Foundations-Foundations-Foundations-Foundations-Foundations-Foundations-Foundations-Foundations-Foundations-Foundations-Foundations-Foundations-Foundations-Foundations-Foundations-Foundations-Foundations-Health-Health-Health-Health",1
"Foundations-Foundations-Foundations-Foundations-Foundations-Foundations-Foundations-Foundations-Foundations-Foundations-Foundations-Foundations-Foundations-Foundations-Foundations-Foundations-Foundations-Foundations-Foundations-Foundations-Health-Health-Health-Health-Health-Health-Health-Health-EssentialsofWellbeing-EssentialsofWellbeing-EssentialsofWellbeing-EssentialsofWellbeing-EssentialsofWellbeing-EssentialsofWellbeing-EssentialsofWellbeing-EssentialsofWellbeing-Foundations-Foundations-Foundations-Foundations-Foundations-Foundations-Foundations-Foundations-Foundations-Foundations-Foundations-Foundations-Foundations-Foundations-Foundations-Foundations-Health-Health-Health-Health-Health-Health-Health-Health-Health-Health-Health-Health-Health-Health-Health-Health-Health-Health-Health-Health-Health-EssentialsofWellbeing-EssentialsofWellbeing-EssentialsofWellbeing-EssentialsofWellbeing-EssentialsofWellbeing-EssentialsofWellbeing-EssentialsofWellbeing-EssentialsofWellbeing",1
"Foundations-Foundations-Foundations-Foundations-Foundations-Foundations-Foundations-Foundations-Foundations-Foundations-Foundations-Foundations-Foundations-Foundations-Foundations-Foundations-Foundations-Foundations-Foundations-Health-Health",1
"Foundations-Foundations-Foundations-Foundations-Foundations-Foundations-Foundations-Foundations-Foundations-Foundations-Foundations-Foundations-Foundations-Foundations-Foundations-Foundations-Foundations-Foundations-Health-Health-Foundations-Foundations-Foundations-Foundations-Foundations-Foundations-Foundations-Foundations-Foundations-Foundations-Foundations-Foundations-Foundations-Foundations-Foundations-Foundations-Foundations-Foundations-Foundations-Foundations-Foundations-Foundations-Foundations-Health-Health-Health-Health-Health-Health-Health-Health-Health-Health-Health-Health-Health-Health-Health-Health",1
"Foundations-Foundations-Foundations-Foundations-Foundations-Foundations-Foundations-Foundations-Foundations-Foundations-Foundations-Foundations-Foundations-Foundations-Foundations-Foundations-Foundations-Health-Health-Foundations-Foundations-Foundations-Foundations-Foundations-Foundations-Foundations-Foundations-Foundations-Foundations-Foundations",1
"Foundations-Foundations-Foundations-Foundations-Foundations-Foundations-Foundations-Foundations-Foundations-Foundations-Foundations-Foundations-Foundations-Foundations-Foundations-Foundations-MindfulEating-MindfulEating",1
"Foundations-Foundations-Foundations-Foundations-Foundations-Foundations-Foundations-Foundations-Foundations-Foundations-Foundations-Foundations-Foundations-Health-Health-Health-Health-Health-Health-Health-Health-Health",1
"Foundations-Foundations-Foundations-Foundations-Foundations-Foundations-Foundations-Foundations-Foundations-Foundations-Foundations-Foundations-Health-Health-Health-Health-Health-Health-Health-Health-Health",1
"Foundations-Foundations-Foundations-Foundations-Foundations-Foundations-Foundations-Foundations-Foundations-Foundations-Foundations-Foundations-MindfulEating-MindfulEating-Foundations-Foundations-Foundations-Foundations-Foundations-Foundations-Foundations-Foundations-Foundations",1
"Foundations-Foundations-Foundations-Foundations-Foundations-Foundations-Foundations-Foundations-Foundations-Foundations-Foundations-Foundations-Relationships-Relationships-Relationships-Relationships-Foundations-Foundations-Foundations-Foundations-Foundations-Foundations-Foundations-Foundations-Foundations-Foundations-Foundations-Foundations-Foundations-Foundations-Foundations-Foundations-Foundations-Foundations-Foundations-Foundations-Foundations-Foundations-Foundations-Foundations-Foundations-Foundations-Foundations-Foundations-Foundations-Foundations-Foundations-Foundations-Foundations",1
"Foundations-Foundations-Foundations-Foundations-Foundations-Foundations-Foundations-Foundations-Foundations-Foundations-Health-Health",2
"Foundations-Foundations-Foundations-Foundations-Foundations-Foundations-Foundations-Foundations-Foundations-Health-Health-Health-Foundations-Foundations-Foundations-Foundations",1
"Foundations-Foundations-Foundations-Foundations-Foundations-Foundations-Foundations-Foundations-Foundations-Health-Health-Health-Health-Health-Health-Foundations-Foundations-Foundations-Foundations-Foundations-Foundations-Foundations-Foundations-Foundations-Foundations-Foundations-Foundations-Foundations-Foundations-Foundations-Foundations-Foundations-Foundations",1
"Foundations-Foundations-Foundations-Foundations-Foundations-Foundations-Foundations-Foundations-Foundations-Relationships-Relationships",1
"Foundations-Foundations-Foundations-Foundations-Foundations-Foundations-Foundations-Foundations-Health-Health",2
"Foundations-Foundations-Foundations-Foundations-Foundations-Foundations-Foundations-Foundations-Health-Health-Health-Health",1
"Foundations-Foundations-Foundations-Foundations-Foundations-Foundations-Foundations-Foundations-Health-Health-Health-Health-Health",1
"Foundations-Foundations-Foundations-Foundations-Foundations-Foundations-Foundations-Foundations-Health-Health-Health-Health-Health-Health-Health-Health-MindfulEating-MindfulEating-MindfulEating-MindfulEating-MindfulEating-EssentialsofWellbeing-EssentialsofWellbeing-Health-Health-Health-Health-EssentialsofWellbeing-EssentialsofWellbeing-EssentialsofWellbeing-Health-Health-Health-Health-Health-Health-Health-Health-Health-Health-Health-Health-Health-Health",1
"Foundations-Foundations-Foundations-Foundations-Foundations-Foundations-Foundations-Health-Health-Foundations-Foundations-Foundations-Foundations-Foundations-Foundations-Foundations",1
"Foundations-Foundations-Foundations-Foundations-Foundations-Foundations-Foundations-Health-Health-Health-Health-Health",1
"Foundations-Foundations-Foundations-Foundations-Foundations-Foundations-Foundations-Relationships-Relationships-Relationships-Relationships-EssentialsofWellbeing-EssentialsofWellbeing-EssentialsofWellbeing-EssentialsofWellbeing-Foundations-Foundations-Foundations-Foundations-Foundations-Foundations-Foundations-Foundations-Foundations",1
"Foundations-Foundations-Foundations-Foundations-Foundations-Foundations-Health-Health-Health-Foundations-Foundations-Foundations-Foundations-Foundations-Foundations-Foundations-Foundations-Foundations-Foundations-Foundations-Foundations-Foundations-Foundations-Foundations-Foundations-Foundations-Foundations-Foundations-Foundations-Foundations-Foundations-Foundations-Foundations-Foundations-Foundations-Foundations-Foundations-Foundations-Foundations",1
"Foundations-Foundations-Foundations-Foundations-Foundations-Foundations-Health-Health-Health-Health-Health",1
"Foundations-Foundations-Foundations-Foundations-Foundations-Foundations-Health-Health-Health-Health-Health-Health-Health-Health-Health-Health-Health-Health-Health-Health-Health-Health-Health-Health-Health-EssentialsofWellbeing-EssentialsofWellbeing-EssentialsofWellbeing-EssentialsofWellbeing-EssentialsofWellbeing-Health-Health",1
"Foundations-Foundations-Foundations-Foundations-Foundations-Health",1
"Foundations-Foundations-Foundations-Foundations-Foundations-Health-Health",2
"Foundations-Foundations-Foundations-Foundations-Foundations-Health-Health-Health-Health-Foundations-Foundations",1
"Foundations-Foundations-Foundations-Foundations-Foundations-Health-Health-Health-Health-Health",1
"Foundations-Foundations-Foundations-Foundations-Foundations-Health-Health-Health-Health-Health-Health-Foundations-Foundations-Foundations-Foundations-Foundations-Foundations-Health-Health-Health-Health-Health-Health-Health-Foundations-Foundations-Foundations-Foundations-Foundations",1
"Foundations-Foundations-Foundations-Foundations-Foundations-MindfulEating-MindfulEating",1
"Foundations-Foundations-Foundations-Foundations-Foundations-MindfulEating-MindfulEating-MindfulEating",1
"Foundations-Foundations-Foundations-Foundations-Foundations-MindfulEating-MindfulEating-MindfulEating-MindfulEating-MindfulEating-Career-Career-Career-Career-Career",1
"Foundations-Foundations-Foundations-Foundations-Foundations-Relationships-Relationships-Foundations-Foundations-Foundations-Foundations-Foundations-Foundations-Foundations-Foundations-Foundations-Foundations",1
"Foundations-Foundations-Foundations-Foundations-Health-Health-Health-EssentialsofWellbeing-EssentialsofWellbeing-EssentialsofWellbeing-EssentialsofWellbeing-EssentialsofWellbeing-EssentialsofWellbeing-EssentialsofWellbeing-EssentialsofWellbeing-EssentialsofWellbeing-EssentialsofWellbeing-EssentialsofWellbeing-Health-Health-Health-Health-Health-Health-Foundations-Foundations-EssentialsofWellbeing",1
"Foundations-Foundations-Foundations-Foundations-Health-Health-Health-Foundations-Foundations-Health-Health",1
"Foundations-Foundations-Foundations-Foundations-Health-Health-Health-Health-Health-Health-Health-Health-Health-Health-Health-Health-Health-Health-Health-Health-Health-Health-Health-Health-Health-Health-Health-Health-Health-Health-Health-Health-Health",1
"Foundations-Foundations-Foundations-Health-Health",1
"Foundations-Foundations-Foundations-Health-Health-Health",1
"Foundations-Foundations-Foundations-Health-Health-Health-EssentialsofWellbeing-EssentialsofWellbeing",1
"Foundations-Foundations-Foundations-Health-Health-Health-Health",1
"Foundations-Foundations-Foundations-Health-Health-Health-Health-Health-Foundations",1
"Foundations-Foundations-Foundations-Health-Health-Health-Health-Health-Health-Health-Health-Health-Health-Health-Health-Health-Health-Health-Health-Health-Foundations-Foundations-Foundations",1
"Foundations-Foundations-Foundations-Relationships-Relationships",1
"Foundations-Foundations-Foundations-Relationships-Relationships-Relationships-Relationships",1
"Foundations-Foundations-Health-Health",1
"Foundations-Foundations-Health-Health-Foundations-Foundations-Foundations",1
"Foundations-Foundations-Health-Health-Health",1
"Foundations-Foundations-Health-Health-Health-Health-Health",2
"Foundations-Foundations-Health-Health-Health-Health-Health-Health-Health-Health-Foundations-Foundations-Health-Health-Health-Health-Health",1
"Foundations-Foundations-Health-Health-Health-Health-Health-Health-Health-Health-Health-Health-Health-Health-Health-Health-Health-Health-Health-Health-Health-Health-Health",1
"Foundations-Foundations-MindfulEating-MindfulEating-MindfulEating",1
"Foundations-Foundations-MindfulEating-MindfulEating-MindfulEating-Health-Health",1
"Foundations-Health-Health-Career-Career-Foundations-Foundations-Foundations-Foundations-Foundations-Foundations-Foundations-Foundations",1
"Foundations-Health-Health-Health-Foundations-Foundations-Foundations-Foundations",1
"Foundations-Health-Health-Health-Health",1
"Foundations-Health-Health-Health-Health-Health-Foundations-Foundations-Foundations-Foundations-Foundations-Foundations",1
"Foundations-Health-Health-Health-Health-Health-Health-Health-Health-Health-Foundations-Foundations-Foundations",1
"Foundations-Health-Health-Health-Health-Health-Health-Health-Health-Health-Health",1
"Foundations-MindfulEating-MindfulEating-MindfulEating-Relationships-Relationships-Foundations-Foundations-Foundations-Foundations-Relationships-Relationships-Relationships-Relationships-Relationships-MindfulEating-MindfulEating-MindfulEating-MindfulEating-MindfulEating",1
"Foundations-Relationships-Health-Health-Health-Foundations-Foundations-Foundations-Foundations-Foundations-Foundations-Foundations-Foundations-Foundations",1
"Health",18
"Health-Foundations-Foundations-Foundations-Foundations-Foundations",1
"Health-Foundations-Foundations-Foundations-Foundations-Foundations-Foundations-Foundations-Foundations",1
"Health-Health",24
"Health-Health-Foundations",1
"Health-Health-Foundations-Foundations",2
"Health-Health-Foundations-Foundations-Foundations",1
"Health-Health-Foundations-Foundations-Foundations-Foundations",2
"Health-Health-Health",22
"Health-Health-Health-EssentialsofWellbeing-EssentialsofWellbeing",1
"Health-Health-Health-Foundations-Foundations",2
"Health-Health-Health-Foundations-Foundations-Foundations-Foundations",1
"Health-Health-Health-Foundations-Foundations-Foundations-Foundations-Foundations",1
"Health-Health-Health-Foundations-Foundations-Foundations-Foundations-Foundations-Foundations",2
"Health-Health-Health-Foundations-Foundations-Foundations-Foundations-Foundations-Foundations-Foundations-Foundations",2
"Health-Health-Health-Foundations-Foundations-Foundations-Foundations-Foundations-Foundations-Foundations-Foundations-Foundations-Foundations-Foundations-Foundations-Foundations",1
"Health-Health-Health-Foundations-Foundations-Foundations-Foundations-Foundations-Foundations-Foundations-Foundations-Foundations-Foundations-Foundations-Foundations-Foundations-Foundations-Foundations-Foundations-Foundations-Foundations",1
"Health-Health-Health-Health",1
"Health-Health-Health-Health-Foundations-Foundations-Foundations-Foundations-Foundations-Foundations-Foundations-Foundations-Foundations-Foundations-Foundations-Foundations-Foundations-Foundations-Foundations-Foundations-Foundations-Foundations-Foundations-Foundations-Foundations-Foundations-Foundations-Foundations-Foundations-Foundations-Foundations-Foundations-Foundations-Foundations-Foundations-Foundations-Foundations-Foundations-Foundations-Foundations",1
"Health-Health-Health-Health-Health",7
"Health-Health-Health-Health-Health-Foundations-Foundations",1
"Health-Health-Health-Health-Health-Health",1
"Health-Health-Health-Health-Health-Health-Foundations-Foundations-Foundations-Foundations-Foundations-Foundations-Foundations-Foundations-Foundations-Foundations-Foundations-Foundations-Foundations",1
"Health-Health-Health-Health-Health-Health-Health",1
"Health-Health-Health-Health-Health-Health-Health-Health-Foundations-Foundations-Foundations-Foundations-Foundations-911-911-Health-Health-Health-Health-Foundations-Foundations-Health-Health-Health-Health-Health-Health-Foundations-Foundations-Foundations-Foundations-MindfulEating-MindfulEating-Foundations-Foundations-Health-Foundations-Foundations-Foundations-Foundations-Foundations-Health-Health-911-911-Foundations-Foundations-Foundations-Foundations-Foundations-Foundations-Health-Health-Health-Foundations-Foundations-Foundations-Health-Health-Health-Foundations-Foundations-Foundations",1
"Health-Health-Health-Health-Health-Health-Health-Health-Foundations-Foundations-Foundations-Foundations-Foundations-Foundations-Foundations-Foundations",1
"Health-Health-Health-Health-Health-Health-Health-Health-Health-Health-EssentialsofWellbeing-EssentialsofWellbeing-EssentialsofWellbeing-EssentialsofWellbeing-EssentialsofWellbeing-Relationships-Relationships-Relationships-Relationships-Relationships-EssentialsofWellbeing-EssentialsofWellbeing-EssentialsofWellbeing-EssentialsofWellbeing-Health-Health-Health-Health-Health-Health",1
"Health-Health-Health-Health-Health-Health-Health-Health-Health-Health-Foundations-Foundations-Health-Health-Health",1
"Health-Health-Health-Health-Health-Health-Health-Health-Health-Health-Health-Health-Health-Foundations-Foundations-Foundations-Foundations-Foundations-Foundations",1
"Health-Health-Health-Health-Health-Health-Health-Health-Health-Health-Health-Health-Health-Health",1
"Health-Health-Health-Health-Health-Health-Health-Health-Health-Health-Health-Health-Health-Health-Foundations-Foundations-Foundations-Foundations-Foundations",1
"Health-Health-Health-Health-Health-Health-Health-Health-Health-Health-Health-Health-Health-Health-Health-Health-Health-Health-Health-Health-Health-Health-Health-Health-Health-Health-Health-Health-Health-Health-Health-Health-Health-Health-Health-Health-Health-Health-Health-Health-Health-Health-Health-Health-Health-EssentialsofWellbeing-EssentialsofWellbeing",1
"Health-Health-MindfulEating-MindfulEating-Health-Health-Relationships-Relationships-Relationships-Health-Health-Health-Health-Health-Foundations-Foundations-Foundations-Foundations-Foundations-Foundations-Foundations-Foundations-Foundations-Foundations-Foundations-Foundations-Foundations-Foundations-Foundations-Foundations-Foundations-Foundations-Foundations-Foundations-Foundations-Foundations-Foundations-Foundations-Foundations-Foundations-Foundations-Foundations",1
"MindfulEating",1
"MindfulEating-Foundations-Foundations-Foundations",1
"MindfulEating-MindfulEating",5
"MindfulEating-MindfulEating-Foundations-Foundations-Foundations",1
"MindfulEating-MindfulEating-Foundations-Foundations-Foundations-Foundations",1
"MindfulEating-MindfulEating-MindfulEating",6
"MindfulEating-MindfulEating-MindfulEating-Foundations-Foundations-Foundations-Foundations-Foundations-Foundations-Foundations-Foundations-Foundations-Foundations-Foundations-Foundations-Foundations-Foundations-Foundations-Career-Career-Foundations-Foundations-Foundations",1
"MindfulEating-MindfulEating-MindfulEating-MindfulEating",1
"MindfulEating-MindfulEating-MindfulEating-MindfulEating-MindfulEating-MindfulEating",2
"MindfulEating-MindfulEating-Relationships-Relationships-Career-Career-Foundations-Foundations",1
"Pregnancy&Infancy",1
"Pregnancy&Infancy-Pregnancy&Infancy",3
"Pregnancy&Infancy-Pregnancy&Infancy-Health-Health-Health",1
"Pregnancy&Infancy-Pregnancy&Infancy-Pregnancy&Infancy-Health-Health-Health-Health-Health-Health-Health-Health-Health-Health-Health-Health-Health-Health-Health-Health-Health-Health",1
"Pregnancy&Infancy-Pregnancy&Infancy-Pregnancy&Infancy-Pregnancy&Infancy-Pregnancy&Infancy-Health-Health-Health-Health-Health-Health-Health-Health-Health-911-911-911-MindfulEating-MindfulEating-MindfulEating",1
"Relationships",1
"Relationships-Relationships",6
"Relationships-Relationships-Career-Career-Career-Career-Career",1
"Relationships-Relationships-Foundations-Foundations-Foundations",1
"Relationships-Relationships-Foundations-Foundations-Foundations-Foundations-Foundations-Foundations-Foundations-Foundations-Foundations-Foundations",1
"Relationships-Relationships-Foundations-Foundations-Foundations-Foundations-Foundations-Foundations-Foundations-Foundations-Foundations-Foundations-Foundations-Foundations-Foundations-Foundations",1
"Relationships-Relationships-Relationships",4
"Relationships-Relationships-Relationships-Career-Career",1
"Relationships-Relationships-Relationships-Foundations-Foundations-Foundations-Foundations-Foundations-Foundations-Foundations-Foundations-Foundations-Foundations-Foundations-Foundations-Foundations-Foundations",1
"Relationships-Relationships-Relationships-Relationships-Health-Health-Health-Health-Health-Health-Health-Foundations-Foundations-Foundations-Foundations-Foundations",1
"Relationships-Relationships-Relationships-Relationships-Relationships-Health-Health-Health-Relationships-Relationships-Relationships-Relationships-Relationships-Foundations-Foundations-Foundations-Foundations-Foundations-Foundations-Foundations-Foundations-Career-Career-Career-Career-Career-Relationships-Relationships",1
"Relationships-Relationships-Relationships-Relationships-Relationships-Relationships",1
"Relationships-Relationships-Relationships-Relationships-Relationships-Relationships-Relationships-Relationships-Relationships",1
"Relationships-Relationships-Relationships-Relationships-Relationships-Relationships-Relationships-Relationships-Relationships-Relationships-Relationships-911-911-911-Health-Health-Health-Health-Health-Health",1
"Relationships-Relationships-Relationships-Relationships-Relationships-Relationships-Relationships-Relationships-Relationships-Relationships-Relationships-Relationships-Relationships-Relationships-Relationships-Relationships-Relationships-Relationships-Relationships-Relationships-Relationships-Relationships-Relationships-Relationships-Relationships-Relationships-Relationships-Relationships-Relationships-Relationships-Relationships-Relationships-Relationships-Relationships-Health-Health-Health-Health-Health-Health-Health-Health-Health-Health-Health",1