client_status-client_status-client_status-fix-client_status-fix-fix-fix-fix-fix-fix-fix-fix-fix-fix-fix-fix-email-email-email-email-email-fix-email-email-email-email-email-email-email-email-email-email-email-fix-email-email-email-email-style_profile-email-email-email-email-email-email-email-email-email-email-email-email-fix-email-email-email-email-email-email-email-email-email-fix-email-email-email-email-email-email-email-email-email-email-email-email-email-email-fix-email-email-email-email-email-email-email-email-email-email-email-email-email-email-email-email-email-service_ticket-email-email-email-email-service_ticket-fix-email-email-email-email-email-email-email-email-email-email-email-email-email-email-email-email-email-email-email-email-email-email-email-email-email-email-email-email-email-email-email-email-email-email-email-email-email-fix-email-email-email-email-email-email-email-email-email-email-email-email-service_ticket-fix-email-email-email-email-email-email-email-email-email-email-email-email-fix-email-email-email-email-email-email-email-email-email-email-email-email-email-email-email-email-fix-email-email-email-email-email-email-email-email-email-email-email-email-email-email-email-email-email-email-email-email-email-email-email-email-email-email-email-fix-email-email-email-email-email-email-email-email-email-email-email-email-email-email-fix-email-email-email-email-email-email-email-email-email-email-email-email-email-email-email-email-email-email-email-email-email-email-email-email-email-email-email-email-email-email-email-email-email-email-email-fix-email-email-email-email-email-email-email-email-email-email-email-fix-email-email-email-email-email-email-email-email-email-email-email-email-email-email-email-email-email-email-email-email-email-email-email-fix-email-email-email-fix,1
client_status-client_status-client_status-fix-fix-fix-fix-fix-fix-client_status-client_status-fix-style_profile-fix-fix-fix-client_status-fix,1
client_status-client_status-client_status-fix-fix-fix-fix-fix-fix-fix-fix-fix-fix-fix-fix-fix-fix-client_status-fix,1
client_status-client_status-email-email-email-email-email-email-email-email-email-email-email-email-email-email-email,1
client_status-client_status-email-email,1
client_status-client_status-fix-client_status-email-email-email-email-email-email-email-email-email,1
client_status-client_status-fix-client_status-fix-client_status-client_status-fix-client_status-client_status-client_status-fix-client_status-email-email,1
client_status-client_status-fix-client_status-fix-email-email-email-email-style_profile,1
client_status-client_status-fix-client_status-fix-fix-client_status-fix-client_status-fix-fix-client_status-fix-client_status-client_status-fix-email-fix-client_status-email-style_profile-email-email-client_status-fix-client_status-email-fix-client_status-email-email-email-email-fix-client_status-email-email-email-fix-email-email-email-email-email-email-email-email-email-fix-email-email-email-fix-client_status-fix-client_status-email-email-email-email-email-fix-email-email-email-email-email-email-email-email-email-client_status-fix-client_status-email-email-email-email-email-email-fix-email-email-email-email-email-email-client_status-fix-client_status-email-email-email-email-email-client_status-client_status-fix-email-email-email-email-fix-email-email-email-email-email-email-email-email-email-email-email-email-email-email-email-email-fix-email-client_status-fix-client_status,1
client_status-client_status-fix-client_status-fix-fix-email-fix-email-email-service_ticket-email-email-email-fix-fix-fix-email-fix-email-service_ticket-client_status-service_ticket-fix-email-email-email-fix-fix,1
client_status-client_status-fix-client_status-style_profile,1
client_status-client_status-fix-email-email-client_status-fix-email-service_ticket-email-fix-email-fix-client_status-fix-email-email-email-email-email-email-email-fix-email-email-email-email-email-email-style_profile-fix-email-email-email-email-email-email-email-fix-email-email-email-email-fix-fix-service_ticket-email-email-email-fix-email-email-email-fix-email-email-email-fix-email-fix-email-fix-fix-fix,1
client_status-client_status-fix-fix-client_status-email-email-email-email-email-email-email-email-email-email-email-email-email-email-email-email-email-fix-fix,1
client_status-client_status-fix-fix-client_status-fix-client_status-client_status-fix-client_status-fix-client_status-email-email-email-email-email-email-email-email-email-email-email-email-email-email-email-email-email-email-email-email-email-email-email,1
client_status-client_status-fix-fix-client_status-fix-fix-fix-client_status-fix-client_status-client_status,1
client_status-client_status-fix-fix-client_status,1
client_status-client_status-fix-fix-fix-client_status-client_status-fix-client_status-fix-fix-client_status-client_status-fix-email-email-email-email-email,1
client_status-client_status-fix-fix-fix-client_status-fix-client_status-client_status-fix-client_status-client_status-fix-client_status-style_profile-email-email-email-email-email-email-email,1
client_status-client_status-fix-fix-fix-client_status,1
client_status-client_status-fix-fix-fix-fix-client_status-client_status-fix-fix-fix-fix-client_status-fix-client_status-fix-client_status-client_status-email-fix-email-email-email-email-email-email-email-email-email-email-email-email-email-email-email-email-email-email-email,1
client_status-client_status-fix-fix-fix-fix-client_status-fix-fix-fix-fix-fix-email-fix-email-fix-fix-fix-fix-fix-email-fix-fix,1
client_status-client_status-fix-fix-fix-fix-client_status,1
client_status-client_status-fix-fix-fix-fix-fix-client_status-email-email-email-email-email-email-style_profile-email-email-email-email-email-email-email-email-email-email-email-email-email-email-email-email,1
client_status-client_status-fix-fix-fix-fix-fix-client_status-fix-client_status-client_status-email-email-fix-fix-email-email-email-client_status-email-email-email-email-fix-email-email-email-email-email-email-email-email-email-email-email-email-email-email-email-email-email-email-email-fix-fix,1
client_status-client_status-fix-fix-fix-fix-fix-fix-client_status-fix-fix-client_status-email-email-client_status-fix-fix-email-email-email-email-email-email-style_profile-fix-fix-client_status-fix-email-fix-email-fix-email-email-email-fix-email-fix-fix-email-email-email-email-fix-email-email-email-email-fix-email-email-email-email-client_status-fix-client_status-fix-email-client_status-client_status-fix-email-fix,1
client_status-client_status-fix-fix-fix-fix-fix-fix-fix-client_status-fix-client_status-fix-fix-fix-client_status-fix-email-email-fix-fix-email-email-email-email-email-email-fix-fix-email-email-email-email-email-email-email-email-email-email-email-email-email-email-email-email-email-client_status-fix-client_status-email-email-email-email-email-email-email-email-email-email-email-email-email-fix-email-email-email-email-email-email-email-fix-fix-fix-email-email-email-email-email-email-email-email-email-email-email-email-fix-email-email-email-fix-fix-fix,1
client_status-client_status-fix-fix-fix-fix-fix-fix-fix-fix-fix-fix-email-email-fix-email-email-fix-email-email-email-fix-client_status-email-email-email-email-email-email-email-email-email-email-fix-email-email-email-email-fix-email-email-email-email-email-email-email-email-fix-email-fix-email-email-email-email-email,1
client_status-client_status-fix-fix-fix-fix-fix-fix-fix-fix-service_ticket-fix-fix-fix-fix-fix-fix-style_profile-fix-client_status-fix-fix-email-fix-fix-email-email-email-fix-email-email-email-fix-email-email-email-email-fix-email-fix-client_status-fix-client_status-email-email-email-email-email-fix,1
client_status-client_status-fix-referral-fix-client_status-fix-client_status-fix-fix-client_status-fix-email-email-fix-email-email-email-email-email-email-email-email-email-email-email-email-email-email-email-email-email-email-email-email-fix-email-email-email-email-email-email-email-email-email-email-email-email-email-email-email-email-email-email-email-email,1
client_status-client_status-fix-referral-fix-fix-client_status-fix-fix-client_status-client_status-fix-client_status-client_status-fix-client_status-client_status-client_status-email-email-email-email,1
client_status-client_status-fix-referral-fix-fix-fix-client_status-fix-style_profile-email-email,1
client_status-client_status-fix-referral-fix-fix-fix-fix-fix-client_status-fix-fix-fix-email-email-email-email-fix-email-email-fix-email-email-style_profile-email-fix-client_status-fix-email-email-email-fix-email-email-email-email-email-email-email-email-email-email-email-email-email-email-fix-email-email-email-email-email-email-email-email-email-email-email-email-email-email-email-email-email-email-email-email-email-email-fix-email-email-email-email-email-email-email-email-email-email-fix-email-email-email-email-email-email-email-email-email-fix-client_status-email-email-email-email-email-email-email-email-email-fix-email-email-email-email-email-email-email-email-email-fix-email-email-email-email-email-email-email-fix-email-email-email-email-email-email-email-fix-email-email-email-email-email-email-email-email-email-email-email-email-email-email-email-email-email-email-email-email-email-email-email-email-fix-email-email-email-email-fix-email-client_status-fix-client_status-email,1
client_status-client_status-fix-referral-fix-fix-fix-fix-fix-client_status-fix-fix-fix-fix-fix-email-email-fix-email-email-email-email-fix-email-email-fix-email-email-email-email-fix-email-email-fix-email-fix-fix-email-email-email-email-fix-client_status-client_status-email-fix-email-fix-email-email-email-fix-fix-fix-email-email-email-email-email-email-email-fix-fix-email-email-fix-fix,1
client_status-client_status-referral-client_status-fix-fix-fix-fix-email-fix-email-email-email-email-email-style_profile-fix-email-email-email-email-email-email-email-email-email-email-fix-fix-email-email-email-email-email-service_ticket-email-email-email-email-email-email-email-email-email-email-email-email-email-email-email-email-email-email-email-email-email-email-email-email-email-email-email-email-email-email-email-fix-email-email-fix-email-email-email-email-email-email-email-email-email-email,1
client_status-client_status-referral-fix-client_status-fix-fix-fix-client_status-fix-fix-fix-fix-fix-client_status-style_profile-email-email,1
client_status-client_status-referral-fix-fix-client_status-fix-client_status-email-email-style_profile-email-email-email,1
client_status-client_status-referral-fix-fix-fix-client_status-client_status-fix-fix-fix-fix-fix-fix-fix-fix-fix-client_status-fix-fix-email-email-fix-style_profile-email-gift_card-fix-email-email-email-email-fix-email-email-fix-email,1
client_status-email-email-email-email-email-email-email-client_status-fix-fix-fix-fix-email-email-email-email-email-email-email-email-email-fix-email-email-email-email-email-fix-fix-client_status-email-email-email-email-email,1
client_status-email-email-email-email-email-email-email-email-email-email-email-email-email-email-email-email-email-email-email-email-email-email-email-email-email-email-email-email-email-email-email-email-email-email-email-email-email-email-email-email-email-email-email-email-email-email-email-email-email-email-email-email-email-email-email-email-email-email-email-email-email-email,1
client_status-email-email-email-email-email-email-email-email-email-email-email-email-email-email-email-email-email-email-email-email-email-email-email-email-email-email-email-email-email-email-email-email-email-email-email-email-email-email-email-email-email-email-email-email-email-email-email-email-email-email-email-email-email-email-email-email-email-email-email-email-email,1
client_status-email-email-email-email-email-email-email-email-email-email-email-email-email-email-email-email-email-email-email-email-email-email-email-email-email-email-email-email-email-email-email-email-email-email-email-email-email-email-email-email-email-email-email-email-email-email-email-email-email-email-email-email-email-email-email,1
client_status-email-email-email-email-email-email-email-email-email-email-email-email-email-email-email-email-email-email-email-email-email-email-email-email-email-email-email-email-email-email-email-email-email-email-email-email-email-email-email-email-email-email-email-email-email-email-email-email-email-email-email-email,1
client_status-email-email-email-email-email-email-email-email-email-email-email-email-email-email-email-email-email-email-email-email-email-email-email-email-email-email-email-email-email-email-email-email-email-email-email-email-email-email-email-email-email-email-email,1
client_status-email-email-email-email-email-email-email-email-email-email-email-email-email-email-email-email-email-email-email-email-email-email-email-email-email-email-email-email-email-email-email-email-email-email-email,1
client_status-email-email-email-email-email-email-email-email-email-email-email-email-email-email-email-email-email-email-email-email-email-email-email-email-email-email-email-email-email-email,1
client_status-email-email-email-email-email-email-email-email-email-email-email-email-email-email-email-email-email-email-email-email-email-email-email-email-email-email-email-email-email,1
client_status-email-email-email-email-email-email-email-email-email-email-email-email-email-email-email-email-email-email-email-email-email-email-email-email-email-email,2
client_status-email-email-email-email-email-email-email-email-email-email-email-email-email-email-email-email-email-email-email-email-email-email-email-email,3
client_status-email-email-email-email-email-email-email-email-email-email-email-email-email-email-email-email-email-email-email-email-email-email-email,1
client_status-email-email-email-email-email-email-email-email-email-email-email-email-email-email-email-email-email-email-email-email-email-email,2
client_status-email-email-email-email-email-email-email-email-email-email-email-email-email-email-email-email-email-email-email-email-email,2
client_status-email-email-email-email-email-email-email-email-email-email-email-email-email-email-email-email-email-email-email-style_profile-email,1
client_status-email-email-email-email-email-email-email-email-email-email-email-email-email-email-email-email-email-email-email,2
client_status-email-email-email-email-email-email-email-email-email-email-email-email-email-email-email-email-email-email-style_profile-email-email-email-email-email-email-email-email-email-email-email-email-email-email-email-email-email-email-email-email-email-email-email-email-email-email-email-email,1
client_status-email-email-email-email-email-email-email-email-email-email-email-email-email-email-email-email-email-email,1
client_status-email-email-email-email-email-email-email-email-email-email-email-email-email-email-email-email-email,1
client_status-email-email-email-email-email-email-email-email-email-email-email-email-email-email-email-email,1
client_status-email-email-email-email-email-email-email-email-email-email-email-email-email-email-email,4
client_status-email-email-email-email-email-email-email-email-email-email-email-email-email-email,1
client_status-email-email-email-email-email-email-email-email-email-email-email-email-email,2
client_status-email-email-email-email-email-email-email-email-email-email-email-email,1
client_status-email-email-email-email-email-email-email-email-email-email-email,3
client_status-email-email-email-email-email-email-email-email-email-email,2
client_status-email-email-email-email-email-email-email-email-email,2
client_status-email-email-email-email-email-email-email-email-style_profile,1
client_status-email-email-email-email-email-email-email-email,2
client_status-email-email-email-email-email-email-email,5
client_status-email-email-email-email-email-email-style_profile-email-email-email-email-email-email-email-email-email-email-email-email-email-email-email-email-email-email-email-email-email-email-email-email-email-email-email-email-email-email-email-email-email-email-email-email-email-email-email-email-email-email,1
client_status-email-email-email-email-email-email,8
client_status-email-email-email-email-email-style_profile-email-email-email-email-email-email-email-email-email-email-email-email-email-email,1
client_status-email-email-email-email-email-style_profile-email-email-email-email-email-email-email-email-fix-email-gift_card-email-email-email-email-fix-email-email-email-email-email-email-email-email-email-email-email-email-email-email-email-email-email-email-email-email-email-email-email-email-email-email-email-email-email-email-email-email-email-email,1
client_status-email-email-email-email-email-style_profile-email-email,1
client_status-email-email-email-email-email,7
client_status-email-email-email-email-fix-email-style_profile-fix-fix-email-fix-email-email-fix-email-email-email-email-email-email-email-email-email-email-fix,1
client_status-email-email-email-email-style_profile,1
client_status-email-email-email-email,10
client_status-email-email-email-fix-style_profile-client_status-fix-client_status-client_status-fix-client_status-client_status-client_status-fix,1
client_status-email-email-email-style_profile-email-email-email-email,1
client_status-email-email-email-style_profile-email-email-email,1
client_status-email-email-email,17
client_status-email-email-style_profile-email,1
client_status-email-email-style_profile,3
client_status-email-email,22
client_status-email-fix-client_status-client_status-fix,1
client_status-email-style_profile-email-email-email-email-email-email-email-fix-client_status-email-email-fix-fix-fix-client_status-email-fix-email-fix-email-email-email-fix-email-email-email-email-email-email-email-fix-fix-fix,1
client_status-email-style_profile,2
client_status-email,100
client_status-fix-client_status-client_status-client_status-fix-style_profile-email-email-email-email-email-email,1
client_status-fix-client_status-client_status-fix-email-email-email-email-email-email-email-email-email-email-email-email-email-email-email-email-email-email-email-email-email-email-email-email-email,1
client_status-fix-client_status-client_status-fix-email-email-email-email-style_profile-email-email-email-email-email-email-email,1
client_status-fix-client_status-client_status-fix-fix-client_status-fix-fix-client_status-client_status-fix-client_status,1
client_status-fix-client_status-client_status-fix-fix-fix-email-email-email-email-style_profile-email-email-email-email-email-email-email-email-email-email-email-fix-email-email-email-email-email-fix-email-fix-email-email-email-email-fix-fix-fix-email-email-email-email-email-email-email-fix-fix-email-email-email-email-fix-email-email-email-email-email-email-email-email-email-email-email-email-email-email-email-email-email-email-email-email-fix-email-fix,1
client_status-fix-client_status-client_status-fix-fix-fix-fix-fix-fix-email-email-email-email-email-style_profile-fix-fix-fix-fix,1
client_status-fix-client_status-client_status-fix-fix-fix-gift_card-email-email-email-email-email-email-style_profile-email-email-email-email-email-email-email-email-email-service_ticket-email-email-service_ticket-email-email-email-email-email-email-email-email-email-email-email-email-email-fix-gift_card-email-email-email-fix-email-email-email-email-email-fix-email-email-email-client_status-fix-client_status-email-email-email,1
client_status-fix-client_status-client_status-style_profile,1
client_status-fix-client_status-fix-client_status-email-email-email-email-fix-email-email-email-email-fix-email-fix-email-email-email-email-fix-email-email-email-fix-email-fix-email-email-email-email-email-email-email-email-email-email-fix,1
client_status-fix-client_status-fix-client_status-fix-client_status-client_status-fix-client_status-email-email-email-email-email-email-email,1
client_status-fix-client_status-fix-client_status-fix-client_status-client_status-fix-client_status-fix-fix-client_status-client_status-client_status-fix-style_profile,1
client_status-fix-client_status-fix-client_status-fix-client_status-client_status-fix-client_status-style_profile,1
client_status-fix-client_status-fix-client_status-fix,1
client_status-fix-client_status-fix-email-fix-style_profile-email-email-email-email-email-email-email-email-fix-email-email-email-email-email-email-email-email-email-email-email-email-fix-email-fix-email-email-email-email-email-email-email-email-email-email-email-email-email-email-email-email-email-email-email,1
client_status-fix-client_status-fix-fix-client_status-client_status-fix-fix-fix-client_status-fix-fix-client_status-fix-email-fix-email-fix-email-email-email-email-style_profile-email-fix-email-fix-client_status-email-fix-email-email-email-email-email-email-email-email-email-email-email-fix-service_ticket-email-email-email-email-email-fix-email-email-email-email-email-email-email-email-email-email-email-email-email-client_status-client_status-fix-email-email-email-fix-email-email-email-email-email-email-email-fix-email-email-email-email-email-client_status-email-email-email-email-email-email-email-email-email-email-email-email-email-email-email-email-email-email-email-email-email-email-email-email-email-email-email-email-email-email-email,1
client_status-fix-client_status-fix-fix-client_status-client_status-fix-fix-fix-fix-fix-client_status-email-email-email-email-email-email-email-email-email-email-email-email-email-email-email-email-email-email-email-email-email-fix-gift_card-fix-email-email-email-email-email-email-email-email-email-email-email-email-email-email-email-email-email-email-email-email-email-email-email-email-email,1
client_status-fix-client_status-fix-fix-client_status-email-fix-client_status-fix-client_status-client_status-email-client_status-client_status-fix-fix-email-email-client_status-client_status-fix-email-fix-email-client_status-fix-client_status-fix-client_status-client_status-email-email-email-client_status-fix-client_status,1
client_status-fix-client_status-fix-fix-client_status-fix-client_status-email-email-email-email-email-email-email-email-email-style_profile-email-email-email-email-email-email-email-email-email-email-email-email-email-email-email-email-email-email-email-email-email-email-email-email-email-email-email-email-email-email-email-email-email-email-email-email-email-email-email-email-email-fix-email-email-email-email-email-fix-email-email-email,1
client_status-fix-client_status-fix-fix-client_status-fix-client_status-fix-client_status-fix-client_status-fix-client_status-fix-client_status-client_status-email-email-email-email-email-email-email-fix-fix,1
client_status-fix-client_status-fix-fix-client_status-fix-client_status,1
client_status-fix-client_status-fix-fix-client_status-fix-fix-fix-fix-email-email-email-email-email-email-email-email-email-email-email-email-email-email-email-email,1
client_status-fix-client_status-fix-fix-email-email-fix-email-fix,1
client_status-fix-client_status-fix-fix-fix-client_status-client_status-fix-client_status-fix-fix-fix-fix-client_status-fix-fix-client_status-client_status-fix-client_status-style_profile-service_ticket-service_ticket,1
client_status-fix-client_status-fix-fix-fix-client_status-fix-client_status-fix-client_status-fix-fix-fix-client_status-fix-email-fix-client_status-fix-fix-fix-client_status-fix-client_status,1
client_status-fix-client_status-fix-fix-fix-client_status-fix-fix-email-email-email-style_profile-email-email-email-email-email-email-email-email-email-email-email-email-email-email-email-email-email-email-email-email-email-email-email-email-email-email-email-email-email-email-email-email-email,1
client_status-fix-client_status-fix-fix-fix-client_status-fix-fix-fix-fix-client_status-fix-fix-fix-email-style_profile-fix-email-fix-fix-email-email-email-email-fix-email-email-fix-email-email-fix-email-fix-fix-fix-email-email-fix-email-fix-fix-fix-email-fix-client_status-client_status-fix,1
client_status-fix-client_status-fix-fix-fix-client_status-style_profile-email-email-email-email,1
client_status-fix-client_status-fix-fix-fix-email-email-email-email-email-email-email-email,1
client_status-fix-client_status-fix-fix-fix-fix-fix-client_status-client_status-fix-client_status-client_status-fix-email-style_profile,1
client_status-fix-client_status-fix-fix-fix-fix-fix-fix-client_status-client_status-fix-fix-email-email-fix-email-email-email-email-fix-email-email-style_profile-email-email-email-email-email-email-email-email-email-email-email-email-email-email-email-email-email-email-email-email-fix-email-email-email-fix-email-email-email-fix-email-email-email-email-email-email-email-email-email-email-email-email-email-email-email-email-email-email-fix-email-email-email-email-email-email-email-email-email-fix-client_status-client_status-service_ticket-email-email-email-email-email-email-email-email-email-email-email-email-email-email-email-email-fix-client_status-email-fix-email-email-email-email-email-email-email-email-email-email-email-email-email-email-email-email-email-email-email-email-email-email-email-email-email-email-email-email-email-email-email-email-email-email-email-email-email-email-email-email-email,1
client_status-fix-client_status-fix-fix-fix-fix-fix-fix-client_status-email-email-email-fix-email-fix,1
client_status-fix-client_status-fix-fix-fix-fix-fix-fix-client_status-fix-fix-client_status-fix-client_status-email-email-email-email-email-email-email-email-email-email-email-email-email-email-email-email-email-email-email-email-email-email-email-email-email-email-email-email-email-email,1
client_status-fix-client_status-fix-fix-fix-fix-fix-fix-fix-client_status-fix-client_status-email-email-email-email-email-email-email-email-email-email,1
client_status-fix-client_status-fix-fix-fix-fix-fix-fix-fix-client_status-fix-fix-email-email-email-fix-fix-email-email-fix-fix-fix-email-email-email-email-email-email-email-email-fix-fix-email-fix-email-email-email-fix-email-fix-email-fix-email-fix-email-email-fix,1
client_status-fix-client_status-fix-fix-fix-fix-fix-fix-fix-fix-email-email-fix-email-email-email-fix-fix-client_status-fix-email-email-email-email-email-email-email-fix-email-fix-email-email-fix-fix-email-fix-fix-fix-email-email-email-fix-email-email-email-email-email-email-email-email-email-email-email-fix-client_status-fix-email-email-email-email-email-email-email-email-email-email-email-email-fix-email-email-email-email-email-email-email-email-fix-email-email-email-email-email-email-email-email-email-email-email-email-email-email-email-fix-email-email-fix,1
client_status-fix-client_status-fix-fix-fix-fix-fix-fix-fix-fix-email-fix-email-email-email-fix-email-email-email-fix-email-email-fix-email-email-email-email-email-email-fix-client_status-email-email-email-email-email-email-email-client_status-fix-email-email-email-fix-email-email-email-email-email-email-email-client_status-fix-fix-email-email-email-email-email-email-email-email-client_status-fix-fix-fix-email-email-email-email-email-email-email-fix-email-fix-fix-email-email-email-email-email-email-email-email-email-email-email-email-client_status-fix-email-email-email-email-email-email-email-email-email-email-fix-email-email-email-email-email-email-email-email-email-fix-fix-fix-email-email-fix-fix-email,1
client_status-fix-client_status-fix-fix-fix-fix-fix-style_profile,1
client_status-fix-client_status-fix-style_profile-fix-email-email-email-email-fix-email-email-email-email-email-email-email-email-email-email-fix-email-email-email-fix-fix-fix-email-client_status,1
client_status-fix-client_status-referral-client_status-email-email-email-email,1
client_status-fix-client_status-referral-fix-client_status-fix-client_status-fix-client_status-fix-fix-fix-client_status-client_status-fix-client_status-fix-fix-fix-fix-email-email-fix-client_status-email-email-email-fix-client_status-email-email-fix-email-email-email-fix,1
client_status-fix-client_status-referral-fix-client_status-fix-fix-client_status-client_status-email-email-email-email-email-email-fix-email-fix-email-fix-email-fix-email-email-email-fix-email-email-email-email-fix-style_profile-client_status-email-fix-email-email-email-fix-fix-fix-fix-email-gift_card,1
client_status-fix-client_status-referral-fix-fix-client_status-client_status-client_status-fix-client_status-fix-fix-client_status-email-email-email-email-style_profile-email-email-email-email-email-email-email,1
client_status-fix-client_status-referral-fix-fix-fix-client_status-client_status-fix-client_status-email-email-email-email-email-email-email-email-email-email-email-email-email-email-email-email-email-email-email-email-email-email-email-email-email-email-email-email-email-email-email-email-email-email-email-email-email-email-email-email-email-email-email-email-email-email-email-email-email-email-fix-client_status-style_profile-email-email-email-fix-email-email-email-email-client_status-fix-email-email-email-email-email-fix,1
client_status-fix-client_status-referral-fix-fix-fix-client_status-fix-fix-client_status-fix-client_status-fix-fix-email-email-fix-email-email-email-email-fix-email-style_profile-email-client_status-fix-fix-email-email-client_status-fix-email-fix-fix-client_status-email-email-client_status-fix-email-email-email-email-email-email-email,1
client_status-fix-client_status-referral-fix-fix-fix-fix-fix-fix-fix-client_status-fix-fix-fix-email-email-fix-service_ticket-fix-email-fix-email-fix-fix-email-email-email-email-email-email-email-email-email-email-email-email-email-email-fix-email-email-fix-fix-email-email-email-email-email-email-email-client_status-fix-client_status-email-email-email-email-email-email-email-email-email-email-email,1
client_status-fix-client_status-referral-fix-fix-fix-fix-fix-fix-fix-fix-email-fix-fix-email-style_profile-email-fix-email-email-fix-email-fix-email-email-email-fix-email-email-fix-email-email-email-email-fix-email-fix-email-email-email-email-email-email-fix-email-email-email-email-email-email-email-fix-email-email-email-email-email-fix-email-email-email-email-email-fix-email-email-email-fix-email-email-email-email-email-email-email-email-email-email-email-email-email-email-fix-email-email-email-fix-email-email-email,1
client_status-fix-email-email-email-email-email-email-email-email-email-email-email-email-email-email-email-email,1
client_status-fix-email-email-email-email,1
client_status-fix-fix-client_status-client_status-email,1
client_status-fix-fix-client_status-client_status-fix-fix-client_status-fix-client_status-email,1
client_status-fix-fix-client_status-client_status-fix-fix-fix-fix-client_status-fix-style_profile-email-email-email-email-email-email-email-email-email-email-email-email-email-email-email-email-email-email-email-email-email-email-email-email-email-email-email-email-email-email-email-email-email-email-email-email-email-email-email-email-email-email,1
client_status-fix-fix-client_status-client_status-fix-fix-fix-style_profile,1
client_status-fix-fix-client_status-email-email-email-email-email-email-email-email-fix,1
client_status-fix-fix-client_status-email-email-email-email,1
client_status-fix-fix-client_status-fix-client_status-client_status-fix-client_status-client_status-client_status-fix-email-email-email-email-email-email-email-email-email-email-email-email-email-email-email-email-email-email-email-email-email-email-email-email-email,1
client_status-fix-fix-client_status-fix-client_status-client_status-fix-client_status-client_status-email,1
client_status-fix-fix-client_status-fix-client_status-client_status-fix-email-email,1
client_status-fix-fix-client_status-fix-client_status-client_status-fix-fix-fix-client_status-fix-client_status-fix-client_status-fix-fix-service_ticket-email-email-email-fix-email-email-email-email-fix-email-style_profile-email-email-fix-email-fix-email-email-email-fix-fix-fix-email-email-email-email-email-fix-email-client_status-fix-email-email-email-email-fix-email-email-email-email-fix-email-email-email-email-email-email-email-fix-client_status-client_status-email-email-email-fix-email-email-email-email-fix-client_status-fix-email-email-email,1
client_status-fix-fix-client_status-fix-client_status-fix-fix-fix-fix-fix-fix-fix-fix-fix-fix-email-style_profile-email-email-email-email-fix-fix-email-email-email-email,1
client_status-fix-fix-client_status-fix-email-client_status-client_status-fix-email-email-email-fix-style_profile-fix-email-client_status-fix-fix-client_status-client_status,1
client_status-fix-fix-email-email-email-email-email-email-email-email-email-email-email-email-email-email-email-email-email-email-email-email-email-email-email-email-email-email-email-email-email-email-email-email-email-email-email-email-email-email-email-email-email-email-email-email-email-email-email-email,1
client_status-fix-fix-email-email-email-email-email-email-email-email,2
client_status-fix-fix-email-email-email-email-email-email-email,1
client_status-fix-fix-email-email-email-email-email-email-fix-email-email-fix-email,1
client_status-fix-fix-email-email-email-email,1
client_status-fix-fix-email-email-email-style_profile-email-email-email,1
client_status-fix-fix-fix-client_status-client_status-fix-fix-fix-client_status-fix-client_status-fix-fix-fix-client_status-client_status-fix-client_status-fix-client_status-fix-fix-fix-fix-email-fix-email-fix-client_status-client_status-service_ticket-style_profile-fix-fix-email-fix-email-email-client_status-fix-email-email-email-email-fix-client_status-client_status-fix-fix-fix-fix-fix-fix-client_status-client_status-email-email-email-email-email-email-email-email-fix-email-client_status-client_status-fix-fix-fix-fix-email-email-email-email-fix-fix-fix-fix-fix-fix-fix-fix-fix-client_status-fix-client_status-fix-fix-client_status-client_status-fix-fix-fix-client_status-client_status-fix-email-fix-fix-fix-fix-fix-email,1
client_status-fix-fix-fix-client_status-client_status-style_profile,1
client_status-fix-fix-fix-client_status-fix-client_status-fix-client_status-style_profile-email,1
client_status-fix-fix-fix-client_status-fix-fix-client_status-fix-fix-email-style_profile-email-email-email-email-email-email-email,1
client_status-fix-fix-fix-client_status-fix-fix-fix-fix-client_status-client_status-fix-fix-email-email-style_profile-fix-fix-email-email-fix-fix-email-email-email-fix-fix-email-email-email-fix-email-email,1
client_status-fix-fix-fix-client_status-fix-fix-fix-fix-fix-client_status-service_ticket-client_status-email-email-style_profile-email,1
client_status-fix-fix-fix-email-email-email-email-style_profile-email-email-email-email-email-email-email-email-email-email-email-email-email-email-email-email-email-email-email-email-email-email-email-email-email-email-email-email-email-email-email-email-email-email-email-email-email-email-email-email-email-email-email-email-email-email-email-email-email-email,1
client_status-fix-fix-fix-fix-client_status-email-email-email,1
client_status-fix-fix-fix-fix-client_status-fix-client_status-fix-email-email-style_profile,1
client_status-fix-fix-fix-fix-client_status-fix-client_status-fix-fix-fix-fix-client_status-fix-fix-client_status-client_status-fix-email-email-email-email-email-email-fix-email-email-email-email-email-fix-fix-client_status-client_status-client_status-email-email-style_profile,1
client_status-fix-fix-fix-fix-email-email-email-email-email-email-email-email-fix-email-fix-email-email-email-email-style_profile-email-email-email-email-email,1
client_status-fix-fix-fix-fix-email-email-email-style_profile-email-email-email-email-email-email-email,1
client_status-fix-fix-fix-fix-email-email,1
client_status-fix-fix-fix-fix-email-fix-fix,1
client_status-fix-fix-fix-fix-fix-client_status-client_status-client_status-email-email-style_profile-email-email-email-email-email-email-email-email-email-email-email-email-email-email-email-email-email-email-email-email-email-email-email-email-email-email-email-email-email-email-email-email-email-email-email-email-email-email-email-email-email-email-email-email,1
client_status-fix-fix-fix-fix-fix-client_status-fix-client_status-email-style_profile-email-email-email-fix-email-fix-fix-email-email-fix-email-email-fix-fix-email-email-fix-fix-fix-fix,1
client_status-fix-fix-fix-fix-fix-email-fix-fix-email-email-email-email-fix-email-email-email-service_ticket-style_profile-email-email-email-email-email-email-email-fix-email-email-email-fix-email-email-email-email-email-email-email-email-email-email-email-email-email-email,1
client_status-fix-fix-fix-fix-fix-fix-client_status-client_status-fix-fix-fix-client_status-client_status-fix-email-email-email-email-email-email-email-email-email-email-email,1
client_status-fix-fix-fix-fix-fix-fix-client_status-email-email-email-email-email-email-email,1
client_status-fix-fix-fix-fix-fix-fix-client_status-fix-email-email-email-email-email-email-email-email-fix-email-email-email-fix-email-email-email-email-email-email-email-email-email-fix-email-email-fix-email-email-email-email-email-email-email-email-email-fix-email-email,1
client_status-fix-fix-fix-fix-fix-fix-client_status-fix-email-email-email-email,1
client_status-fix-fix-fix-fix-fix-fix-client_status-fix-fix-email-fix-email-email-email-email-fix-fix-fix-fix-fix-fix-fix-fix-email-service_ticket-fix-fix-fix-email-fix-fix-fix-email-fix-email-email-email-email-email-email-email-fix-email-fix-fix-fix-fix-email-fix-fix-fix-fix-fix,1
client_status-fix-fix-fix-fix-fix-fix-fix-client_status-fix-client_status-fix-email-email-fix-email-fix-email-email-email-email-email-email-client_status-fix-fix-style_profile-email-email-email-fix-fix-email-email-email-email-email-email-email-email-email-email-email-email-fix-client_status-client_status,1
client_status-fix-fix-fix-fix-fix-fix-fix-client_status-fix-service_ticket-fix-fix-fix-fix-style_profile-email-client_status-client_status-fix-email-fix-client_status-email-email-email-email-email-email-email-fix-email-email-email-email-email-email-fix-fix-fix-email-email-email-email-email-email-email-email-email-email-email-email-fix-email-email-email-email-email-email-email-email-email-fix-email-email-email-fix-email-email-email-email-email-email-email-fix-email-email-email-email-email-email-email-email-email-email-email-email-email-email-email-email-email-email-email-email-client_status-fix-client_status-email-email-email-fix-email-email-email-email-email-email-email-email-email-email-email-fix-email-email-email-email-email-email-email-email-email-email-email-email-email-email-email-email-email-fix-email-email-email-email-email-fix-email-fix-email,1
client_status-fix-fix-fix-fix-fix-fix-fix-email-email-email-email-email-email-email-email-email-email-email-email-email-style_profile-email-fix-email,1
client_status-fix-fix-fix-fix-fix-fix-fix-fix-client_status-fix-email-email-email-email-email-email-email-email-email-email-fix-email-email-email-email-fix-email-email-email-email-email-email-email-email,1
client_status-fix-fix-fix-fix-fix-fix-fix-fix-email-email-style_profile-email-email-email-email-fix-email-email-fix-email-email-email-fix-fix,1
client_status-fix-fix-fix-fix-fix-fix-fix-fix-email-fix-email-email-email-email-email-email-email-email-email-email-email-email-email-email-email-email-email-email-email-email-email-email-email-email-email-email-email-email-email-email-email-email-fix-fix-email-email-email-email-email-fix-fix-client_status-email-email-email-email-email-email-style_profile-email-email-email-email-email-email-fix-email-email-email-email-email-email-email-email-email-email-email-email-email-fix-gift_card-email-email-email-email-email-email-fix-email-email-email-email-email-email-email,1
client_status-fix-fix-fix-fix-fix-fix-fix-fix-email-fix-fix-fix-email-email-fix-email,1
client_status-fix-fix-fix-fix-fix-fix-fix-fix-fix-email-fix-fix-email-style_profile-email-email-email-email-email-email-fix-fix-email-email-email-email-service_ticket-fix-fix-fix-fix-fix-fix-client_status-client_status-fix,1
client_status-fix-fix-fix-fix-fix-fix-fix-fix-fix-fix-email-email-fix-email-email-email-email-email-email-email-email-email-style_profile-email-email,1
client_status-fix-fix-fix-fix-fix-fix-fix-fix-fix-fix-email-email-fix-fix-email-email-service_ticket-fix-email-email-fix-fix-email-fix-fix-fix-email-email-email-email-email-email-email-fix-fix-fix-email-email-email-email-email-email-fix-fix-fix-fix-fix-email-email-email-fix-email-email-email-email-fix-fix-fix-email-email-email-email-fix-fix-fix-email-email-email-email-email-email-email-email-email-fix-fix-fix-email-email-email-fix-fix,1
client_status-fix-fix-fix-fix-fix-fix-fix-fix-fix-fix-email-email-fix-style_profile-fix-fix-fix-email-fix-email-email-email-email-fix-email-email-email-email-email-fix-fix-email-fix-fix-email-fix-fix-email-email-fix-fix-fix-email,1
client_status-fix-fix-fix-fix-fix-fix-fix-fix-fix-fix-fix-email-email-email-email-email-email-email-email-email-email-email-email-email-email-email-email-email-email,1
client_status-fix-fix-fix-fix-fix-fix-fix-fix-fix-fix-fix-fix-fix-fix-fix-fix-email-fix-fix-fix-fix-email-fix-email-fix-email-fix-email-email-email-fix-client_status-email-email-email,1
client_status-fix-fix-fix-fix-fix-fix-fix-gift_card-fix-fix-fix-email-fix-email-email-email-email-fix-fix-email-style_profile-email-email-email-email-client_status-fix-client_status-fix-email-email-email-email-email-email-email-email-fix-fix-fix-email-email-email-email-email-email-email-client_status-fix-email-email-email-email-email-email-email-email-fix-email-email-email-email-fix-fix-email-email-email-fix-email-email-email-email-email-email-email-email-email-fix-fix-fix-email-fix,1
client_status-fix-fix-fix-fix-fix,1
client_status-fix-fix-fix-fix-service_ticket-fix-email-email-email-email-email-client_status-fix-style_profile-fix-email-email-fix-email-email-email-email-email,1
client_status-fix-fix-gift_card-style_profile,1
client_status-fix-fix-referral-client_status-client_status-client_status-fix-fix-fix-fix-fix-client_status-client_status-fix-email-email-style_profile-email-email-email-email-email-email-email-email-email-client_status-email-fix-fix-fix-email-email,1
client_status-fix-fix-style_profile-gift_card-fix-fix-fix,1
client_status-fix-fix,1
client_status-fix-gift_card-fix-client_status-fix-gift_card-client_status-fix-gift_card-fix-fix-email-email-email-email-email-email-email-gift_card-email-email-email-email-fix-email-email-email-email-email-email-fix-email-email-email-email-email-email-email-email-email-email-email-email-email-email-email-email-email-email-email-email-email-email-email-email-email-email-email-email-email-email-email-email-email-email-email-email-email-email-email-email-email-email-email-email-email-email-email-email-email-email,1
client_status-fix-referral-client_status-client_status-client_status-fix-fix-fix-fix-fix-fix-fix-fix-fix-fix-email-email-email-email-email-email-email-email-email-fix-fix-fix-email-email-email-email-email-email-fix-fix-fix-email-email-fix-fix-fix-fix-email-fix-fix-email-email-email-email-email-email-fix-client_status-fix-fix,1
client_status-fix-referral-client_status-client_status-email-email-email,1
client_status-fix-referral-client_status-fix-client_status-client_status-fix-client_status-client_status-fix-fix-client_status-client_status-client_status-fix-client_status-email-style_profile-email-email-email-email-email-email,1
client_status-fix-referral-client_status-fix-fix-fix-fix-fix-client_status-fix-client_status-email-email-email,1
client_status-fix-referral-fix-client_status-client_status-email-email,1
client_status-fix-referral-fix-client_status-fix-fix-fix-fix-fix-client_status-client_status-client_status-fix,1
client_status-fix-referral-fix-fix-email-email-email-email-email-email-style_profile-email-email-email-email-email-email-email-email-email-email-email,1
client_status-fix-referral-fix-fix-fix-email-style_profile-email-email-email,1
client_status-fix-referral-fix-fix-fix-fix-fix-gift_card-fix-fix-email-email-email-email-email-email-email-email-fix-fix-email-email-email-email-email-email-email-email-email-email-email-email-email-email-email-email-email-email-fix-email-email-email-email-email-email-email-email-email-email-email-email-email-email-email-email-email-email-email,1
client_status-fix-referral-fix-fix-fix,1
client_status-fix-referral-fix,1
client_status-fix-service_ticket-service_ticket-fix-fix-fix-style_profile,1
client_status-fix,1
client_status-referral-client_status-fix-client_status-fix-email,1
client_status-referral-client_status-fix-client_status-fix-fix-fix-client_status-fix-client_status-client_status-fix-client_status-client_status-fix-fix-client_status-fix-service_ticket-fix-client_status-client_status-service_ticket-client_status-client_status-client_status-fix-fix-fix-fix-client_status-client_status-email-email-style_profile-fix-email-fix-client_status-client_status,1
client_status-referral-client_status-fix-fix-client_status,1
client_status-referral-client_status-fix-fix-fix-client_status-fix-client_status-client_status-email-email,1
client_status-referral-client_status-fix-fix-fix-fix-fix-fix-fix-fix-email-email-email-email-email-email-email-email,1
client_status-referral-email-email-email-client_status-fix-email-email-email-email-email-style_profile-email-email-fix-email-email-email-email-email-email-email-email-email-email-email-fix-email,1
client_status-referral-email-email-email-email-email-email-email-email-email-email-email-email-email-email-email-email-email-email-email-email-email-email-email-email-email-email-email-email-email-email-email-email-email-email-email-email-email-email-email-email-email-email-email-email-email-email-email-email-email-email-email-email-email-email-email-email-email-email-email-email-email-email-email-email-email-email-email-email-email-email-email,1
client_status-referral-email-email-email-email-email-email-email-email-email-email-email-email-email-email-email-email-email-email-email-email-email-email-email-email-email-email-email-email-email-email-email-email-email-email-email-email-email-email-email-email-email-email-email-email-email-email-email-email-email-email-email-email-email-email-email-email-email-email-email-email-email-email-style_profile,1
client_status-referral-email-email-email-email-email-email-email-email-email-email-email-email-email-email-email-email-email-email-email-email-email-email-email-email-email-email-email-email-email-email-email-email-email-email-email-email-email-email-email-email-email-email-email-email-email-email-email-email-email-email-email-email-email-email-email-email-email-email-email-email-email-email,1
client_status-referral-email-email-email-email-email-email-email-email-email-email-email-email-email-email-email-email-email-email-email-email-email-email-email-email-email-email-email-email-email-email-email-email-email-email-email-email-email-email-email-email-email-email-email-email-email-email-email-email-email-email-email-email-email-email,1
client_status-referral-email-email-email-email-email-email-email-email-email-email-email-email-email-email-email-email-email-email-email-email-email-email-email-email-email-email-email-email-email-email-email-email-email-email-email-email-email-email-email-email-email-email-email-email-email-email-email-email-email,1
client_status-referral-email-email-email-email-email-email-email-email-email-email-email-email-email-email-email-email-email-email-email-email-email-email-email-email-email-email-email-email-email-fix-email-email-email-email-email-email-email-email-email-email-email-email-email-email-email-email-email-email-email-email-email-email-email-email-email-email-email-email-email-email-email,1
client_status-referral-email-email-email-email-email-email-email-email-email-email-email-email-email-email-email-email-email-email-email-email-email-email-email-email-email-email-email-email,1
client_status-referral-email-email-email-email-email-email-email-email-email-email-email-email-email-email-email-email-email-email-email-email-email-email-email-email,1
client_status-referral-email-email-email-email-email-email-email-email-email-email-email-email-email-email-email-email-email-email-email-email,1
client_status-referral-email-email-email-email-email-email-email-email-email-email-email-email-email-email-email-email-email,1
client_status-referral-email-email-email-email-email-email-email-email-email-email-email-email-email-email-email-email,1
client_status-referral-email-email-email-email-email-email-email-email-email-email-email-email-email-email-email,1
client_status-referral-email-email-email-email-email-email-email-email-email-email-email-email,1
client_status-referral-email-email-email-email-email-email-email-email-email-email-email,2
client_status-referral-email-email-email-email-email-email-email-email-email-email,1
client_status-referral-email-email-email-email-email-email-email-email-email,2
client_status-referral-email-email-email-email-email-email-email-email,1
client_status-referral-email-email-email-email-email-email-email,2
client_status-referral-email-email-email-email-email-email-style_profile,1
client_status-referral-email-email-email-email-email-email,3
client_status-referral-email-email-email-email-email-fix-email-email-email-email-email-email-email-email-email-email-style_profile-fix-fix-email-email-email-email-email-fix-email-email-email-email-email-email-email-email-email-email-fix-fix-email-email-email-email-fix-email-email-email-email-email-email-email-email-email-email-email-email-email-email-email-email-email-email-email-email-email-email-email-email-email-email-email-email-email-email-email-email-email-email-email-email-email-email-email-email-email-email-email-email-email-email-email-email-email-email-email-email-email-email-email-email-email-email-email-email-email-fix-email-email-email-email-email-email-fix-fix-email-email,1
client_status-referral-email-email-email-email-email-style_profile-email-email-email-email-email-email-email-email-email-email-email-email-email-email-email-email-email-email-email-email-email-email-email-email-email-email-email-email-email-email-email-email-email-email-email-email-email-email-email-email-email-email-email-email-email-email-email-email-email-email-email-email,1
client_status-referral-email-email-email-email-email,5
client_status-referral-email-email-email-email-style_profile-email-email-fix-fix-email-email-email-email-email-email-email-email-service_ticket-fix,1
client_status-referral-email-email-email-email,3
client_status-referral-email-email-email-style_profile-email-email-email-email-email-email-email-email-email-email-email-email,1
client_status-referral-email-email-email,5
client_status-referral-email-email,9
client_status-referral-email-fix-client_status-email-email-email-email-email-email-email-email-email-email-email-email-email-client_status-service_ticket-fix-client_status-client_status-fix,1
client_status-referral-email-style_profile-email-email-email-email-email,1
client_status-referral-email-style_profile,1
client_status-referral-email,19
client_status-referral-fix-client_status-client_status-fix-email-email-email-fix-email-email-email-email-service_ticket-fix-fix-client_status-email-email-email-email-email-email-email-email-fix-service_ticket-email-email-email-email-email-fix-client_status-email-email-email-email-fix-email-email-email-email-fix-client_status-fix-email-email-email-email-email-email-email-email,1
client_status-referral-fix-client_status-fix-client_status-client_status-fix-client_status-fix-client_status-client_status-client_status-fix-client_status-client_status-fix-client_status-email,1
client_status-referral-fix-client_status-fix-fix-client_status-email,1
client_status-referral-fix-client_status-fix-fix-fix-client_status-fix-email-style_profile-email-email-email-email-email,1
client_status-referral-fix-client_status-fix-fix-fix-client_status-fix-fix-gift_card-client_status-fix-client_status-fix-fix-fix-fix,1
client_status-referral-fix-client_status-fix-fix-fix-email-style_profile,1
client_status-referral-fix-client_status-fix-fix-fix-fix-fix-fix-fix-fix-client_status-email-email-email-email-client_status-fix-style_profile-client_status-client_status-fix-fix-email-email-fix-fix-email-email-email-email-email-email-email-email-email-fix-email-email-email-fix-fix-fix-email-email-email-fix-email-email-email-fix-email-email-email-email-fix-email-email-email-fix-fix-fix-fix,1
client_status-referral-fix-fix-client_status-client_status-email-email-email-email-email-email-email-email-email-email-email-email-email-email-email-email,1
client_status-referral-fix-fix-client_status-style_profile-email-email-email-email-fix-email-email-fix-client_status-email-email-email-email-email-email-email-email,1
client_status-referral-fix-fix-email-email-email-email-email-email-email-email-email-email-email-email-email-email-email-email-email-email-email,1
client_status-referral-fix-fix-email-email,1
client_status-referral-fix-fix-fix-client_status-fix-email-email-email-email-email-email-email-fix-email-fix-client_status-email-email-email-email-email-email,1
client_status-referral-fix-fix-fix-email,1
client_status-referral-fix-fix-fix-fix-client_status-email-email-email-email-email-style_profile-email-email-email-email-email-email-email-email-fix-email-email-email-email-fix-email-email-email-email-email-email-email-email-email-email-email-email-email-email-email-email-email-email-email-email-email-email-email-email-email-email-email-email-email-email-email-email-email-email-email-email-email,1
client_status-referral-fix-fix-fix-fix-fix-email-client_status-fix-email-email-email-fix-email-email-email-email-email-fix-client_status-email-email-email-email-email-email-client_status-fix-email-email-service_ticket-email-email-client_status-fix-email-email-email-email-email-email-email-email-email-email-client_status-fix-email-email-email-email-email-email-fix-email-email-email-email-fix-email-email-email-email-email-fix-email-email-email-email-email-fix-email-email-email-email-email-email-email-email-email-email-email-email-email-email-email-fix-email-email-fix,1
client_status-referral-fix-fix-fix-fix-fix-fix-fix-fix-fix-fix-fix-fix-email-fix-fix-email-email-email-email-email-fix-fix-email-email-gift_card-fix-fix-email-email-email-email-email-fix-fix-email-email-email-email-fix-fix-email-email-email-fix-fix-email-fix-fix-email-fix-email-email-email-email-email-fix-email-email-email-fix-client_status-fix-fix-email-email-email-fix,1
client_status-referral-fix-fix-fix-fix-fix,1
client_status-referral-fix-fix-fix-fix-style_profile-fix-email-email-email-email-email-email-email-email-email-email-email-email-email-email-email-email-email-email-email-email-email-email-email-email-email-email-email-email-email-email-email-email,1
client_status-referral-style_profile-email-email-email-email-email-email-email-email-email,1
client_status-referral-style_profile-email-email-email-email,1
client_status-referral-style_profile-email-email,1
client_status-referral-style_profile-email,4
client_status-referral-style_profile,7
client_status-referral,45
client_status-service_ticket-client_status-fix-email-email-fix-email-email-client_status-fix-email-email-style_profile-email-email-fix-fix-client_status-client_status-email-email-email-email-client_status-email-fix-email-client_status-client_status-fix-email-email-email-client_status-client_status-fix-fix-client_status-client_status-fix-email-email-email-email-client_status-fix-client_status-email-email-email-email-email-email-email-email-fix-client_status-client_status-email-email-email-email-fix-email-client_status-client_status-client_status,1
client_status-style_profile-email-email-email-email-email-email-email-email-email-email-email-email-email-email-email-email-email-email-email-email-email-email-email-email-email-email-email-email-email-email-email-email-email-email-email-email-email-email-email-email-email-email-email-email-email-email-email-email-email-email-email-email,1
client_status-style_profile-email-email-email-email-email-email-email-email-email-email-email-email,1
client_status-style_profile-email-email-email-email-email,2
client_status-style_profile-email-email-email,1
client_status-style_profile-email-email,1
client_status-style_profile-email,5
client_status-style_profile-fix-fix-fix-fix,1
client_status-style_profile,60
client_status,100
fix-client_status-client_status-client_status-client_status-fix-client_status-fix-client_status,1
fix-client_status-client_status-client_status-email-email-email-email-email-email-email-email-email-email-email-email-email,1
fix-client_status-client_status-client_status-fix-email-email-email-email-email-email,1
fix-client_status-client_status-client_status-fix-fix-client_status-client_status-fix-email-email-email-email-email-email-email-email-email-email-email-email-email-email-email-email-email-email-email-email-email-email,1
fix-client_status-client_status-fix-client_status-fix-email-email-email-email-email-email-email-email-email-email-email-email-email-email-email-email-email-email-email-email-email-email,1
fix-client_status-client_status-fix-client_status-fix-fix-fix-email-email-style_profile-email-email-fix-email-fix-fix-fix,1
fix-client_status-client_status-fix-client_status-fix-style_profile-email-email,1
fix-client_status-client_status-fix-fix-client_status-client_status-fix-client_status-email-email-email-email-email-email-email-email-email-email-email-email-email-email-email-email-email-email-email-email,1
fix-client_status-client_status-fix-fix-client_status-email-email-email-email-email-style_profile-email-email-email-email-email-email-email-email-email-email-email-email-email-email-email-email-email-email-email-email-email-email-email-email-email-email-email-email-email-email-email-email-email-email-email-email-email-email-email-email-email-email-email-email-email-email-email-email-email-email-email-email-email-email-email-email-email,1
fix-client_status-client_status-fix-fix-client_status-fix-client_status-fix-fix-client_status-fix-email-email-style_profile-email,1
fix-client_status-client_status-fix-fix-client_status-fix-client_status-fix-fix-fix-client_status-fix-fix-fix-style_profile-email-email-email-email-fix-client_status-fix-email-email-email-fix-email-email-email-email-email-email-email-fix-client_status-client_status-email-email-email-client_status-fix,1
fix-client_status-client_status-fix-fix-client_status-fix-client_status-style_profile-fix-fix-fix-fix,1
fix-client_status-client_status-fix-fix-client_status-fix-fix-fix-fix-client_status-email-email-email-email-email-email-email-email-email-email-email-email-email-email-email-email-email-email-email-email-email-email-email-email-email-email-email-email-email-email-email-email-email-email-email-email-email-email-email-email-email-email-email-email-email-email-email-email,1
fix-client_status-client_status-fix-fix-email-email-email-email-email-email-fix-email-email-email-email-email,1
fix-client_status-client_status-fix-fix-fix-client_status-fix-fix-client_status-fix-fix-fix-client_status-fix-email-fix-email-email-email-email-email-email-fix-email-email-email-fix-client_status-email-email-email-email-email-email-email-email-email-email-email-email-email-email-email-email-email-email-email-email-email-email-email-email-email-email-email-email-email-email-email-email-email-email-email-email-email-email-email-email,1
fix-client_status-client_status-fix-fix-fix-fix-client_status-client_status-client_status-client_status-fix-fix-client_status-fix-email-fix-email-fix-style_profile-email-fix-fix-fix-email-email-email-fix-fix-email-fix-fix,1
fix-client_status-client_status-fix-fix-fix-fix-client_status-fix-fix-client_status-style_profile-email-email-email,1
fix-client_status-client_status-fix-fix-fix-fix-fix-fix-client_status-style_profile-email-email-email-email-email-email-email,1
fix-client_status-client_status-fix-fix-fix-fix-fix-fix-fix-client_status-fix-client_status-client_status-client_status-fix-fix-fix-fix-email,1
fix-client_status-client_status-fix-fix-fix-fix-fix-fix-fix-fix-client_status-client_status-fix-email-email-email-email-email-fix-email-email-email-email-email-email-email-email-email-fix-email-email-email-email-fix-email-email-email-fix-email-fix-email-email-email-email-email-fix-email-email-email-email-email-email-email-email-email-email-email-email-email-email-email-email-email-email-email-email-fix-email-email-email-email-email-email-email-email-email-email-email-email-email-email-email-fix-email-email-email-email-email-fix-email-email-email-email-email-email-email-email-fix-email-email-email-email-email-email-email-email-fix-fix-fix-email-email-email-email-email-email-fix-email-email-email-email-email-email-fix-email-email-email-email-email-email-email-email-email-fix-email-email-email-email-email-email-email-email-email-email-email-email-email-fix-email-email-email-email-email-email-email-email-email-email-email-email-email-email-email-email-email-email-email-email-email-email-email-email-email-email-email-email-email-email-email-fix-email-email-email-email-email-fix-email,1
fix-client_status-client_status-fix-fix-fix-fix-fix-fix-fix-fix-fix-client_status-fix-fix-fix-fix-fix-fix-client_status-fix-fix-fix-fix-client_status-fix-fix-fix-fix-fix-fix-email-email-email-client_status-fix-fix-email-fix-fix-fix-fix-fix-fix-fix-fix-fix-fix-fix-client_status-client_status-client_status-fix-fix-fix-fix-fix-fix-fix-service_ticket-email-fix-fix-email-email-client_status-client_status-fix-fix-fix-email-fix-fix-fix-fix-client_status-client_status-email-client_status-fix-fix-client_status-fix-fix-email-email-client_status-fix-client_status-fix-fix-client_status-client_status-fix-client_status-fix-fix-client_status-fix,1
fix-client_status-client_status-fix-fix,1
fix-client_status-client_status-fix-style_profile,1
fix-client_status-client_status-referral-client_status-fix-fix-fix-fix-fix-fix-fix-client_status-client_status-fix-fix-email-email-email-style_profile-fix-fix-fix-email-email-fix-client_status-fix-client_status-fix-client_status-client_status-fix,1
fix-client_status-email-email-email-style_profile-fix-email-email-email-email-email-fix-fix-email-email-fix-email-email-email-email-fix-email-email-fix-email-email-email-email-email-email-email-email-email-email-email-email,1
fix-client_status-fix-client_status-client_status-client_status-fix-client_status-fix-client_status-client_status-email-fix-email-fix-client_status-fix-email-email-email-email-client_status-fix-email-email-email-email,1
fix-client_status-fix-client_status-client_status-email,1
fix-client_status-fix-client_status-client_status-fix-fix-client_status-fix-fix-fix-fix-client_status-email-style_profile,1
fix-client_status-fix-client_status-fix-client_status-fix-client_status-fix-client_status-client_status-fix-fix-client_status-client_status-fix-client_status-email-email-email-email,1
fix-client_status-fix-client_status-fix-fix-client_status-fix-fix-fix-fix-client_status-client_status-client_status-fix-email-fix-client_status-client_status-email-email-email-style_profile-fix-email-email-email-email-client_status-fix-email-email-email-email-fix-email-email-email-email-fix-email-email-email-email-email-email-email-email-client_status-fix-email-email-email-email-email-email-email-email-email-email-email-email-email-email-email-email-email,1
fix-client_status-fix-client_status-fix-fix-client_status,1
fix-client_status-fix-client_status-fix-fix-email-style_profile-email-email-email-fix-email-email-email-email-email-email-email-email-email-fix-email-email,1
fix-client_status-fix-client_status-fix-fix-fix-client_status-style_profile,1
fix-client_status-fix-client_status-fix-fix-fix-fix-client_status-fix-client_status-fix-email-email-email-email-email-email-fix-style_profile-client_status-email-fix-email-email-email-client_status-client_status-fix-email-email-email-fix-email-email-email-fix-email-email-fix-email-email-email-fix-client_status-client_status-email-fix-email-fix-client_status-fix-fix-client_status-client_status-fix,1
fix-client_status-fix-client_status-fix-fix-fix-fix-fix-fix-fix-fix-email-fix-email-email-email-email-email-email-email-email-style_profile-email-email-email-email-email-email-email-email-email-email-email-email-email-email-email-email-email-email-email-email-email-email-email-email-email-email-email-email-email-email-email-email-email-email-email-email-email-email-email-email-email-email-email-email-email-email-email-email-email-email-email-email,1
fix-client_status-fix-client_status,1
fix-client_status-fix-email-email-email-email-email-email-email-email-email-email-email-email-fix-client_status-fix-client_status,1
fix-client_status-fix-email-email-email-email-email-email-email,1
fix-client_status-fix-email-email-email-email-email-email,1
fix-client_status-fix-email-email-email-email-email-style_profile-fix-email-email-fix-email-email-email-email-email-fix-email-email-email-email-email-email-fix-fix-fix-email-client_status-email-email-email-email-email-fix-email-email-email-email-email-email-email-email-email-email-email,1
fix-client_status-fix-email,1
fix-client_status-fix-fix-client_status-client_status-email-email-email-email-email-email-email-style_profile-email-email-email-email-email-email-email-email-email-email-email-email-email-email-email-email-email-email-email-email-email-email-email-email-email-email-email-email-email-email-email-email-email-email-email-email,1
fix-client_status-fix-fix-client_status-client_status-fix-fix-fix-fix-fix-fix-fix-fix-client_status-fix-client_status-style_profile-fix-fix-email-email-fix-fix-email-email-fix-fix-fix-client_status-client_status-fix-email-fix-fix-email-fix-email-email-email-email-fix-email-client_status-client_status-fix-email-email-client_status-fix-client_status,1
fix-client_status-fix-fix-client_status-fix-fix-email-fix-email-email-style_profile,1
fix-client_status-fix-fix-client_status-fix-fix-fix-fix-email-email-email-email-email-fix-email-email-email-email-fix-email-email-email-email-email-email-email-email,1
fix-client_status-fix-fix-client_status-fix-fix-fix-fix-fix-client_status-client_status-client_status-fix-client_status-client_status-client_status-service_ticket-email-email-email-email-email,1
fix-client_status-fix-fix-fix-client_status-fix-email-email-email-email-email-email-email-email-email-email-email-email-email-email-email-email-email-email-email-email-email-email-email-email-email-email-email-email-email-email-email-email-email-email-email-email-email-email-email-email-email-email-email-email-email-email-email-email-email-email-email-email-email-email-email-email-email-email-email-email-email-email-email-email,1
fix-client_status-fix-fix-fix-client_status-fix-fix-fix-email-email-email-email-email-email-email-email-fix-email-fix-email-email-email-email-email,1
fix-client_status-fix-fix-fix-email-email-email-email-email-email-email-email-email-email-email-email-email,1
fix-client_status-fix-fix-fix-email-email-email-style_profile-email-email-fix-email-fix-email-email,1
fix-client_status-fix-fix-fix-email-email-fix-gift_card-email,1
fix-client_status-fix-fix-fix-email-email,1
fix-client_status-fix-fix-fix-email-fix-fix-email-email-email-email-email-email-fix-fix-email-email-email-email-email-email-email-email-email-fix-client_status-client_status-email-email-email-email-email-email-email-email-email-email-fix-email-email-email-fix-email-email-email-email-email-email-email-email-email-email,1
fix-client_status-fix-fix-fix-email,1
fix-client_status-fix-fix-fix-fix-client_status-fix-fix-fix-fix-fix-fix-email-fix-email-email-fix-email-email-email-email-email-email-email-style_profile-fix-client_status-fix-email-email-email-email-email-email-email-email-email-email-email-fix-email-email-email-email-email-email-email-email-email-email-email-email-fix-fix-email-email-email-email-email-email-email-email-email-email-email-email-fix-email-email-email-email-email-email-email-email-email-email-email-email-email-email-email-email-email-email-email-email-email-email-email-fix-email-email-email-email-email-email-email-email-email-email-email-email-email-email-email-email-email-email-email-email-email-email-email-fix-email-email-email-email-email-email-email-email-email-email-email-email-email-email-email-email-email-email-email-fix-email-email-email-email-email-email-email-email-email-email-email-email-fix-email-email-email-fix,1
fix-client_status-fix-fix-fix-fix-client_status-fix-fix-fix-fix-fix-fix-fix-fix-email-fix-fix-email-email-fix-email-fix-client_status-email-fix-email-email-email-email-email-email-email-email-fix-email-email-email-email-style_profile-email-fix-email-email-fix-email-email-email-email-email-email-email-email-fix-email-email-email-email-email-email-email-email-fix-fix-fix-fix-email,1
fix-client_status-fix-fix-fix-fix-fix-client_status-fix-client_status-email-email-email-email-email-email-email-email-email-email-email-email-email-email-email-email-email,1
fix-client_status-fix-fix-fix-fix-fix-client_status-fix-fix-email-fix-fix-service_ticket-email-email-email-email-email-style_profile-email-email-email-email-email-email-email-email-email-email-email-email-email-email-email-email-email-email-email-fix-email-email-email-email-email-client_status-client_status-fix-email,1
fix-client_status-fix-fix-fix-fix-fix-client_status,1
fix-client_status-fix-fix-fix-fix-fix-email-fix-style_profile-email-email-email-email-email-email-email-email-email-email-email-email-email-email-email-email-email-email-email-email-email-email-email-email-email-email-email-email-email-email-email-email-email-fix-email-email-email-email-email-email-email-email-fix-email-email-email-email-email-email,1
fix-client_status-fix-fix-fix-fix-fix-email-style_profile-email,1
fix-client_status-fix-fix-fix-fix-fix-fix-client_status-email-email-email-email-email-style_profile-email-email-email-email-email-email-email-email-email-email-email-email-email-email-email-email-email-email-email-email-email-email-email,1
fix-client_status-fix-fix-fix-fix-fix-fix-client_status-fix-fix-fix-fix-fix-fix-client_status-client_status-email-fix-fix-email-email-email-email-fix-fix-client_status-email-email-email-email-fix-fix-email-email-email-email-email-email-email-email-email-fix-fix-email-service_ticket-fix-email-fix-fix-email-email-email-email-fix-email-email-email-email-email-email-fix-email-email-fix-email-email-email-email-email-email-fix-fix-email,1
fix-client_status-fix-fix-fix-fix-fix-fix-fix-client_status-client_status-client_status-client_status-fix-fix-client_status-fix-fix-email-fix-client_status-client_status-fix-email-email-email-email-email-email-email-fix-email-email-email-email-email-email-email-fix-email-email-email-client_status-client_status-fix-email-email-fix-email-email-email-fix-client_status-email-email-email-email-email-email-email-fix-fix-fix,1
fix-client_status-fix-fix-fix-fix-fix-fix-fix-client_status-fix-fix,1
fix-client_status-fix-fix-fix-fix-fix-fix-fix-fix-client_status-client_status-fix-fix-fix-client_status-service_ticket-email-fix-fix-fix-fix-fix-fix-client_status-fix-client_status-fix-email-client_status-fix-fix-client_status-email,1
fix-client_status-fix-fix-fix-fix-fix-fix-fix-fix-fix-email-email-email-email-client_status-client_status-fix-client_status-email-email-email-email-email-style_profile-fix-fix-email-email-email-email-fix-fix-fix-email-email-email-fix-email-email-fix-email-email-email-email-email-fix-fix-fix-fix-email-email-email-email-email-email-fix-email-email-email-email-email-fix-client_status-fix-fix-fix-email-email-email-fix-fix-fix-fix-email-fix-fix-fix-email-email-fix-fix-fix-fix-email-email-email-email-email-email-email-email-email-email-email-fix-email-email-email-email-fix-client_status-fix-fix-client_status-fix-email-email-email,1
fix-client_status-fix-fix-fix-fix-fix-fix-fix-fix-fix-service_ticket-fix-service_ticket-fix-email-fix-email-email-fix-service_ticket-email-fix-email-email-email-email-email-email-fix-email-email-fix-email-email-email-email-email-email-email-fix-email-email-email-email-email-email-fix-email-email-client_status-fix-email-email-email-email-email,1
fix-client_status-fix-fix-fix-fix-fix,1
fix-client_status-fix-fix-fix-gift_card-fix-fix-fix-fix-fix-email-fix-client_status-service_ticket-email-fix-email-email-style_profile-email-fix-email-email-email-email-fix-email-email-email-email-email-email-fix-fix-email-email-email-fix-email-email-email-email-email-email-email-email-fix-email-email-fix-email-email-email-email-email-email-fix-email-email-email-fix-email-email-email-fix-email-client_status-email-email-email-email,1
fix-client_status-fix-fix-fix-style_profile,1
fix-client_status-fix-fix-fix,1
fix-client_status-fix-fix-gift_card-fix-fix-fix-client_status-client_status-fix-style_profile-email-email-email-email-email-email-email-email-email-email-email,1
fix-client_status-fix-fix,1
fix-client_status-fix-style_profile-email-email,1
fix-client_status-fix,2
fix-client_status-gift_card-client_status-fix-fix-fix-fix-fix-fix-fix-client_status-fix-fix-fix-email-email-email-email-fix-email-email-email-email-fix-email-email-email-email-email-email-email-email-email-email-email-email-email-email-email-email-email-email-fix-email-email-email-email-fix-fix-email-email-email-email-email-fix-email-email-email-email-email-email-email-email-fix-email-fix-email-email-email-email-email-email-email-email-email-email-email-email-email-email-email-email-email-email-email-email-email-email-email-email-email-email-email-email-email-email-email-email-email-email-email-email-email-email-email-email,1
fix-client_status-referral-client_status-fix-client_status-fix-fix-fix-fix-fix-fix-client_status-fix-email-client_status-fix-email-email-fix-email-email-email-email-fix-email-email-email-fix-email-email-email-email-email-fix-email-email-email-email-email-email-email-email-email-fix-email-email-email-email-email-email-email-email-fix-email-email-email-email-email-email-email-email-email-email-fix-email-email-email-fix-email-email-email-email-email-email-email-email-email-email-email-email-email-email-email-email-fix-email-email-email-email-email-email-email-email-email-email-email-email-email-email-email-email-fix-email-email-email-email-email-email-email-email-email-email-fix-fix-fix-email-email-email-email-email-email-email-email-email-email-email-email-email-email-email-email-fix-email-email-email-email-email-fix-email-email-email-email-email-email-email-fix-email-fix-email-email-email-email-email-email,1
fix-client_status-referral-client_status-fix-fix-fix-client_status-fix-fix-client_status-fix-client_status-fix-fix-email-email-email-email-email-client_status-email-email-email-email-email-email-email-email-email-email-email-email-email-email-email-email-email-email-email-email-email-email-email-email-email-email-email-email-email-email-email-email-email-email-email-email-email-email-email-email-email-email-email-email-email-email-email-email-email-email-email-email-email-email-email,1
fix-client_status-referral-client_status-fix-fix-fix-fix-fix-client_status-fix-email-email-email-email-fix-email-email-email-fix-email-fix-email-email-fix-email-email-email-email-fix-email-email-email-fix-email-email-email-email-email-email-email-email-email-email-email-email-email-fix-email-email-fix-fix-email-email-email-email-email-email-email-email-email-email-email-fix-fix-email-email-email-email-email-email-email-email-email-email-email-fix-fix-email-email-fix,1
fix-client_status-referral-client_status-fix-fix-fix-fix-fix-fix-fix-fix-fix-client_status-service_ticket-service_ticket-email-style_profile-email-email-email-email-email-email-email-email-email-email-email-email-email-email-email-email,1
fix-client_status-referral-fix-email-email-email-email-email-email-email-email-email-email-email-email-email-email-email-email-email-email-email-email-email-email-email-email-email-email-email-email-email-email-email-email-email,1
fix-client_status-referral-fix-fix-email-email-email-fix-email-email-email-email-email-email-email-email-email-email-email-email-email-email-email-email-email-email-email-email-email-email-email-email-email-email-email-email-email-email-email-email-email-email-email-email-email-email-email-email-email-email-email-email-email-email-email-email-email-email-email-email-email-email-email-email-email-email-email-email-email-email-email-email,1
fix-client_status-referral-fix-fix-fix-email-email-email-email-email-email-email-email-email-email-email-email-email-email-email-email-email-email-email-email-fix-email-email-email-email-email-gift_card-gift_card-email-email-fix-email-email-email,1
fix-email-email,1
fix-fix-client_status-client_status-email-email-email-email-email,1
fix-fix-client_status-client_status-fix-client_status-client_status-fix-style_profile-fix-fix,1
fix-fix-client_status-client_status-style_profile-email-email,1
fix-fix-client_status-email-style_profile-email-email-email,1
fix-fix-client_status-fix-client_status-client_status,1
fix-fix-client_status-fix-email,1
fix-fix-client_status-fix-fix-fix-client_status-fix-fix-fix-fix-client_status-email-email-email-email-fix-client_status-fix-email-client_status-email-email-style_profile-email-email-email-email-email-fix-client_status-email-email-email-fix-fix-fix-client_status-fix-fix-fix-email-email-email-email-email-email-email-email-email-email-email-email-email-fix-email-email-email-email-email-email-email-email-email-email-email-email-email-email-email-email-email-client_status-email-fix-fix-email-email-email-fix-client_status-fix-email-email-email-email-email-email-email-email-email-email-email-fix-fix-client_status-email-email-email-email-email-email-email-email-email-email-email-email-email-email-email-email-email-email-email-email-email-email-email-email-email-email-email-email-email-email-email-email-email-email-email-email-email-client_status-fix-email-email-email-email-email-email-email-email-email-email-fix-email-email-email-email-fix-fix-fix-client_status,1
fix-fix-client_status-referral-client_status-fix-client_status-email-email-email-email-email-email-email-email-email-email-email-email,1
fix-fix-client_status-style_profile-email-email-email,1
fix-fix-email-email-email-email-email-email-email-email-email-email-email,1
fix-fix-email-email-email-email-email-email-email-email-email-email,1
fix-fix-email-email-email-email-email-email,1
fix-fix-email-email-email-email-email-style_profile-email-email-email-email-email-email-email-email-email-email-email-email-email-email-email-email-email-email-email-email-email-email-email-email-email-email-email-email-email-email-email-email-email-email-email-email-email-email-email-email-email-email-email-email-email-email-email-email-email-email,1
fix-fix-email-email-email-email-email,1
fix-fix-email-fix-email-email-email-email-email-email-fix-email-email-email-email-email-fix-fix-fix-email-email-email,1
fix-fix-email-style_profile-email-email-email-email-email-email,1
fix-fix-email,1
fix-fix-fix-client_status-fix-client_status,1
fix-fix-fix-client_status-fix-fix-fix-email-email-email-email-email-email-email-email-email-email-email-fix-email-fix,1
fix-fix-fix-email-email-fix-client_status-email-email-style_profile-email-email-email,1
fix-fix-fix-email-email-fix-style_profile,1
fix-fix-fix-fix-email-email-email-email-email-email-email-email-email-email-email-email-email-email-email-email-email-email-email-email-email-email-email-email-email-email-email-email-email-email-email-email-email-email-email-email-email-email-fix-email-email-email-email-email-email-email-email-email-email-email-email-email-fix-email-email-email-email-email-email-email-email-email-email-email-fix-email-email-email-email-email-email-email-email-email-email-email-email-email-email-email-email-email-email-email-email-email-email-email-email-fix-email-email-email-email,1
fix-fix-fix-fix-email-email-email-email-email-email-fix-email-email-fix-email-email-email-email-email-email-email-email-email-email-email-email-email,1
fix-fix-fix-fix-email-email-email-email-email,2
fix-fix-fix-fix-fix-client_status-fix-fix-email-email-email-email-email-style_profile-fix-email-email-email-email-email-email-email-email-email-email-email-email-fix-email-email-email-fix-email-fix-fix-email-email-email-email-email-fix-email-email-email-email,1
fix-fix-fix-fix-fix-email-email-email-email-email-email-email-email-email-email-email-email-email-email-email-email-email-email-email-email-email-email-email-email-email-email-email-email-email-email-email-email-email-email-email-email-email-email-email-email-email-email-email-email-email-email-email-email-email-email-email-email-email-email-email-email-email-email-email-email-email-email-fix-fix-email-email-email-email-email-email-email-email-email-email-email-email-email-email-email-email-email-email-email-email-email-email-email-email-email-email-email-email-email-email-email-email,1
fix-fix-fix-fix-fix-fix-fix-email-email-email-email-fix-client_status-email-email-email-fix-fix-email-email-email-email-email-email-email-email,1
fix-fix-fix-fix-fix-fix-fix-email-email,1
fix-fix-fix-fix-fix-fix-fix-fix-fix-fix-email-fix-email-client_status-fix-client_status-email-email-fix-fix-style_profile-fix-email-email-email-email-fix-email-email-email-email-fix-email-email-email-email-email-email-email,1
fix-fix-fix-fix-fix-fix,1
fix-fix-fix-fix-style_profile-email-email-email-email,1
fix-fix-fix-fix-style_profile-email-email-service_ticket,1
fix-fix-fix-gift_card-fix-fix-fix-client_status-fix-client_status-fix-client_status-fix-fix-fix-style_profile-email-email-email-email-email-email-email-email,1
fix-fix-fix-style_profile-email-email-email-email-email-email-email-email-email-email-fix-fix,1
fix-fix-fix-style_profile-email-email-email-email,1
fix-fix-fix,1
fix-fix-style_profile-email-email-email-email-email-email,1
fix-fix-style_profile-email-email-email-fix-email-email-email-fix-email-fix-email-fix-email-email-fix-email-email-email-email-fix-fix-fix-email-email-email-email-email-fix-email-email-email-fix-email-fix-email-email,1
fix-fix-style_profile-fix-fix,1
fix-fix,1
fix-gift_card-client_status-referral-fix-client_status-fix-client_status-fix-fix-client_status-fix-fix-fix-client_status-fix-fix-fix-fix-client_status-fix-email-email-fix-email-email-email-fix-email-email-email-email-email-email-fix-email-email-email-email-email-email-email-email-email-email-email-email-email-email-email-email-fix-email-email-email-email-email-email-email-email-email-email-email-email-email-email-email-email-email-email-email-email-fix-fix-fix-email-email-email-email-email-email-email-email-email-fix-email-email-email-email-email-email-email-email-email-email-email-email-email-email-email-email-email-email-email-email-fix-fix-fix-email-email-email-email-email-email-fix-email-email-email-email-fix-fix-fix,1
fix-referral-client_status-client_status-client_status-client_status-client_status-fix-client_status-fix-fix-client_status-email-email-email,1
fix-referral-client_status-client_status-client_status-fix-fix-fix-fix-client_status-client_status-style_profile-email-email-email-email-email-email-email-email-email-email-email-email-email,1
fix-referral-client_status-client_status-fix-client_status-client_status-fix-client_status-fix-client_status-email-email-email-email-email-style_profile-email-email-email-email-email-email,1
fix-referral-client_status-client_status-fix-client_status-gift_card-fix-fix-email-email,1
fix-referral-client_status-client_status-fix-fix-fix-fix-client_status-fix-fix-fix-client_status-client_status-fix-client_status,1
fix-referral-client_status-client_status-fix-style_profile-email-email-email-email-email-email-email-email-email-email-email-email-email-email-email-email-email-email-email-email-email-email-email,1
fix-referral-client_status-client_status-fix,1
fix-referral-client_status-client_status-style_profile,1
fix-referral-client_status-fix-client_status-fix-fix-style_profile,1
fix-referral-client_status-fix-email-email-email-email,1
fix-referral-client_status-fix-fix-fix-email-email-email-email-email-email-email-email-email-email-email-email,1
fix-referral-client_status-fix-fix-fix-fix-fix-email-email-email-email-email-email-email-email-email-email-email-email-fix-email-email-email-fix-email-email,1
fix-referral-client_status-fix-fix-fix-fix-fix-email-email-email-email-email-email,1
fix-referral-client_status-fix-fix-fix-fix-fix-email-email-fix-email-fix-email-email-email-fix-fix-email-fix-fix,1
fix-referral-client_status-fix-fix-fix-fix-fix-fix-client_status-fix-client_status-style_profile,1
fix-referral-client_status-fix-fix-fix,1
fix-style_profile,1
fix,1
referral-client_status-client_status-fix-client_status-client_status-client_status-fix,1
referral-client_status-client_status-fix-email-email-email-email-email-fix-email-email-fix-client_status-client_status-email-email-email-email-email-email-email-email-email-fix-client_status-email-fix-style_profile-email-email-email-email-email-fix-fix-client_status-email-email-email-email-email-email-email,1
referral-client_status-client_status-fix-fix-client_status-fix-email-email-email-email-style_profile-email-email-email-email-email-email-email-email,1
referral-client_status-client_status-fix-fix-email-fix-fix-fix-email-fix-email-email-fix-fix-fix-email-email-service_ticket-style_profile-fix-email-fix-fix-client_status-fix-client_status-fix-fix-fix,1
referral-client_status-email-email-client_status-fix-email-email-style_profile-fix-client_status-client_status-fix-email-email-email-fix-fix-email-email-fix-client_status-client_status-client_status-fix,1
referral-client_status-email-email-email-email-email-email-email-email-email-email-email-email-email-email-email-email-email-email-email-email-email-email-email-email-email-client_status-fix-email-email-email-email-email-email-email-fix-email-email-email-email-email-email-email-email-email-email-email-email-fix-email-email-client_status-email-email-email-email-email-email-email-email-email-email-email-email-client_status-client_status-fix-fix-client_status-email-email-email-email-email-email-email-email-email-email-email-email-email-email-email-email-email-email,1
referral-client_status-email-email-email-email-email-email-email-email-email-email-email-email-email-email-email-email-email-email-email-email-email-email-email-email-email-email-email-email-email-email-email-email-email-email-email-email-email-email-email-email-email-email-email-email-email-email-email-email-email-email-email-email-email-email-email-email-email,1
referral-client_status-email-email-email-email-email-email-email-email-email-email-email-email-email-email-email-email-email-email-email-email-email-email-email-email-email-email-email-email-email-email-email-email-email-email-email-email-email-email-email-email-email-email-email-email-email-email-email-email-email-email-email-email-email-email-email-fix-client_status-fix-fix-email-email-fix-email-email-email-fix-fix-email-client_status-fix-email-client_status-fix-fix-email-client_status-fix-fix-email-email-email-email,1
referral-client_status-email-email-email-email-email-email-email-email-email-email-email-email-email-email-email-email-email-email-email-email-email-email-email-email-email-email-email-email-email-email-email-email-email-email-email-email-email-email-email-email-email-email-email-email-email-email-email-email,1
referral-client_status-email-email-email-email-email-email-email-email-email-email-email-email-email-email-email-email-email-email-email-email-email-email-email-email-email-email-email-email-email-email-email-email-email-email-email-email-email-email-email,1
referral-client_status-email-email-email-email-email-email-email-email-email-email-email-email-email-email-email-email-email-email-email-email-email-email-email-email,1
referral-client_status-email-email-email-email-email-email-email-email-email-email-email-email-email-email-email-email-email-email-email-email-email-email-email-service_ticket-email-email-email-email-email-email-email-email-email-email-email-email-email-email-email-email-email-email-email-email-email-email-email-email-email-email-email-email-email-email-email-email-email-email-email-email-email-email-email-email-email-email,1
referral-client_status-email-email-email-email-email-email-email-email-email-email-email-email-email-email-email-email-email-email-email-email,1
referral-client_status-email-email-email-email-email-email-email-email-email-email-email-email-email-email-email-email-email-email-email,1
referral-client_status-email-email-email-email-email-email-email-email-email-email-email-email-email-email-email-email,2
referral-client_status-email-email-email-email-email-email-email-email-email-email-email-email-email-email-email,1
referral-client_status-email-email-email-email-email-email-email-email-email-email-email-email-email-email,2
referral-client_status-email-email-email-email-email-email-email-email-email-email-email-email-email,2
referral-client_status-email-email-email-email-email-email-email-email-email-email-email-email,1
referral-client_status-email-email-email-email-email-email-email-email-email-email-email,2
referral-client_status-email-email-email-email-email-email-email-email-email-email-style_profile-email-email-email-email-email-fix-email-email-client_status-client_status-fix,1
referral-client_status-email-email-email-email-email-email-email-email-email-email,1
referral-client_status-email-email-email-email-email-email-email-email-email,1
referral-client_status-email-email-email-email-email-email-email-email-fix-fix-client_status-fix-email-email-email-email-email-email-fix-email-email-email-email-email-email-email-email-email-email-email-fix-email-email-email-email-email-client_status-fix-email-email-email-email-email-email-email-client_status-client_status-fix-email,1
referral-client_status-email-email-email-email-email-email-email-email,3
referral-client_status-email-email-email-email-email-email-email-style_profile-email-email-email,1
referral-client_status-email-email-email-email-email-email-email,3
referral-client_status-email-email-email-email-email-email,1
referral-client_status-email-email-email-email-email,1
referral-client_status-email-email-email-email,3
referral-client_status-email-email-email,5
referral-client_status-email-email-fix-client_status-fix-client_status-fix-client_status-client_status-fix,1
referral-client_status-email-email-service_ticket,1
referral-client_status-email-email-style_profile-email-email-email,1
referral-client_status-email-email,4
referral-client_status-email-fix-client_status-fix-fix-email-email-email-style_profile-email-email-email-email-fix-email-email-email-email-email-email-email-email-fix-email-email-email-email-email-email-email-email-email-email-email-email-email-client_status-fix-email-client_status-fix-email,1
referral-client_status-email-fix-email-fix-client_status-client_status-fix-fix-fix-email-email-email-email-client_status-fix-email-email-email-email-email-email-email-email-email-email-style_profile-client_status-fix-client_status-email-email-email-email-email-email-email-email-email-email-email-email-email-email-email-email-email-email-email-email-fix-client_status-client_status-fix-email,1
referral-client_status-email-style_profile-email-email-email-email-email-email-email-email-email-email-email-email-email-email-email-email-email-email-email-email-email-email-email-email-email-email-email-email-email-email-email-email-email-email-email-email-email-email-email-email-email-email,1
referral-client_status-email-style_profile-email-email,1
referral-client_status-email,18
referral-client_status-fix-client_status-client_status-fix-client_status,1
referral-client_status-fix-client_status-client_status-fix,1
referral-client_status-fix-client_status-fix-client_status-fix-client_status-fix-client_status-client_status-client_status-fix-fix-client_status-fix-client_status-fix-client_status-email-email-email-fix-email-client_status-fix-fix-client_status-client_status-email-fix-email-email-email-fix-email-email-email-email-fix-email-email-fix-email-email-fix-fix-fix-fix-fix-email-fix-email-email-fix-fix-fix-fix-client_status-client_status-client_status-fix-client_status-fix-fix-fix-fix-fix-fix-fix,1
referral-client_status-fix-client_status-fix-client_status-fix-fix-fix-client_status-fix-client_status,1
referral-client_status-fix-client_status-fix-email-fix-fix-email-email-email-fix-email-fix-fix-fix-fix-fix-fix-fix-client_status-client_status-fix-fix-fix,1
referral-client_status-fix-client_status-fix-fix-client_status-fix-fix-fix-fix-client_status-fix-fix-client_status,1
referral-client_status-fix-client_status-fix-fix-fix-client_status-fix-fix-fix-fix-email-client_status-fix-client_status-fix-email-email-email-email-email-email-email-fix-email-email-email-email-email-email-email-email-email-email-email-email-email-email-email-email-email-email-email-email-email-fix,1
referral-client_status-fix-client_status-fix-fix-fix-client_status-fix-fix-fix-fix-fix-fix-fix-fix-fix-service_ticket-client_status-fix-client_status-client_status-fix-fix-email-fix-client_status-email-email-email-service_ticket-style_profile-email-email-client_status,1
referral-client_status-fix-client_status-fix-style_profile,1
referral-client_status-fix-client_status-fix,1
referral-client_status-fix-email-email-fix-email,1
referral-client_status-fix-fix-client_status-client_status-style_profile-email-email-email-email,1
referral-client_status-fix-fix-client_status-fix-client_status-client_status-fix-client_status-fix-fix-client_status-fix-email-email-email-email-email-email-email-email-email-email-email-email-email-email-email-email-email-email-email-email-email-email-email-email-email,1
referral-client_status-fix-fix-email-fix-email-email-email-fix-email-email-email-email-email-email-email-email-email-email-email-email-email-email-email-email-email-email-email-email-email-email-email-email-email-email-email-email-email,1
referral-client_status-fix-fix-email,1
referral-client_status-fix-fix-fix-client_status-fix-fix-fix-client_status-fix-client_status-client_status-fix-fix-client_status-email-email-style_profile-email-email-email-email-email-email-email-email-email-email-email-email-email-email-email-email-email-email-email-email-email-email-email-email-email-email-email-email-email,1
referral-client_status-fix-fix-fix-client_status-fix-fix-fix-email-email-style_profile-email-fix-email-email-email-email-email-fix-client_status-email-email,1
referral-client_status-fix-fix-fix-fix-client_status-client_status-fix-email,1
referral-client_status-fix-fix-fix-fix-client_status-email-email-email-email-email-email-email-email-email-email-email-email-email-email-email-email-email-email-email-email-style_profile-email-email,1
referral-client_status-fix-fix-fix-fix-email-email-email-style_profile-email-email-fix-email-email-email-email-email-email-fix-email-email-email-email-fix-client_status-fix-email-service_ticket-email-email-email-email-email-email-email-email-email-email-email-email-email-email-email-email-email-email-email-email-fix-email-email-fix-email-email-email-email,1
referral-client_status-fix-fix-fix-fix-fix-fix-fix-fix-client_status-fix-fix-fix-fix-service_ticket-fix-fix-fix-email-email-email-style_profile-email-fix-client_status-email-email-client_status-fix-email-email-email-email-email-service_ticket-gift_card-fix-client_status-fix-fix-email-email-email-email-email-email-email-email-email-email-email-email-email-email-email-email-email-email-email-email-email-email-email-email-email-email-email-email-email-email-email-fix-email-email-email-email-email-email-email-email-email-email-email-email-email-email-email-email-email-email-email-email-email-email-email-email-email-email-email-email-fix-client_status-email-email-email-email-email-email-email-email-email-email-email-email-email-email-email-email-email-email-email-email-email-email-email-email-email-email-email-email-email-email-email-email-email-email-email-email-email-email-email-email-email-email-email-email-email-email-email-email-fix-email-email-email-email-email-email-email-email-email-email-email-email-email-email-email-email-email-email-email-email-email-email-email-email-email-email-email-email-email-email-email-fix-client_status-fix-email-email-email-email-email-email-email-email-email-email-fix-fix-fix-fix-client_status,1
referral-client_status-fix-fix-fix-fix-fix-fix-fix-fix-fix-email-gift_card-fix-fix-email-email-fix-fix-fix-email-fix-fix-fix-fix-email-fix-fix,1
referral-client_status-fix-fix-fix-fix-fix-fix-fix-fix-fix-fix-email-fix-fix-fix-email-fix-fix-fix-fix-fix-fix-fix,1
referral-client_status-fix-fix-fix-gift_card-fix-style_profile,1
referral-client_status-style_profile-email,1
referral-client_status-style_profile,12
referral-client_status,50
referral-fix-client_status-client_status-fix-fix-fix-fix-fix-client_status-fix-fix-email-client_status-fix-client_status-email-email-email-email-email-email-email-email-email-email-email-email-email-email-email-email,1
referral-fix-client_status-fix-email-email-email-email-email-email-email-email-email-email-email-email-email-email-email-email-email-email-email-email-email-email-email-email-email-email-email-email-email-email-email-email-email-email-email-email-email-email-email-email-email-email-email-email-email-email-email-email-email-email-email-email-email-email-email-email-email-email-email-email-email-email-email-email-email-email-email-email-email-email,1
referral-fix-client_status-fix-email-email-email-email-email-email-email,1
referral-fix-client_status-fix-fix-fix-email-email-email-email-fix-email-fix-email-email-email-email-fix-email-email-email-email-gift_card-fix-email-fix-email-email-email-email-email-email-email-email-email-email-email-fix-email-email-email-fix-email-email-email-email-email-email-email-email-email-email-email-email-email-email-email-email-email-email-email-email-email-email-email-fix-fix,1
referral-fix-client_status-fix-fix-fix-fix-fix-fix-fix-fix-email-email-fix-email-email-email-email-email-email-email-email-fix-email-email-email-email-fix-email-email-email-email-email-email-email-email-email-email-email-email-email-email-email-email-email-email,1
referral-fix-client_status-fix-fix-fix-style_profile-email-email-email-fix-email-fix-email-email-email-email-email-email-email-email-email-email-email-email-fix-email-email-fix-client_status-client_status-email-email-email-email-email-fix-email-email-email-email-email-email-email-email-email-email-email-email,1
referral-fix-client_status-fix-style_profile-email-email-email-fix-fix,1
